Unnamed: 0,fname,summary
0,test_0,"직원들에게 사내 통신에 이메일과 공식 메모만 사용하도록 정책이 변경되었으며, 즉시 메시지 사용 금지 및 경고 후 시정 조치와 해고 가능성에 대해 안내."
1,test_1,"Person1: Person2의 차가 계속 고장 나고, 교통체증으로 인해 출퇴근이 늦어지고 있다. Person2는 환경 오염 문제로 인해 대중교통을 이용하는 것이 좋을 것 같다고 제안하며, Person1은 자전거로 출근하는 것을 제안하여 환경에 도움이 될 수 있음을 언급합니다."
2,test_2,"Masha와 Hero가 이혼을 신청했고, Masha가 양육권을 가질 예정이며, 집과 주식 문제는 이미 해결된 상태입니다."
3,test_3,"생일 파티에서 Brian은 친구들에게 생일 축하를 받고, 선물을 받으면서 춤을 추고 파티를 즐깁니다."
4,test_4,"올림픽 스타디움에 있는 대화에서, 두 사람은 올림픽 공원의 크기와 완공 예정, 좌석 수, 그리고 스타디움의 다양한 시설에 대해 이야기하고 있습니다. 또한, 등산 금지 표지판에 대한 언급도 포함되어 있습니다."
5,test_5,"Person1은 현재 회사에서 퇴사하고 자신의 사업을 시작하기로 결심했습니다. 사업 계획서 작성, 시장 분석, 금융 분석 등의 과정을 거쳐야 한다고 말합니다."
6,test_6,"Person1#과 Person2#는 긁는 행동과 바이오 위협에 대해 이야기하며, Person2#는 발진이나 알레르기를 의심합니다."
7,test_7,"체크아웃을 위해 청구서를 요청한 손님이 세탁 서비스 요금에 대한 오류를 지적하자, 해당 요금을 확인하고 문제를 해결해 준 후 손님이 떠나갔다."
8,test_8,"스티븐은 아내의 외설로 이혼을 요구받고 있으며, 그는 10년 결혼 생활 동안 비밀을 유지했다고 인정했습니다."
9,test_9,"사람의 인품을 판단할 때, 아브라함 링컨처럼 자신의 목표를 포기하지 않고, 평등한 권리를 위해 싸운 용기와 겸손함이 중요하다고 생각함."
10,test_10,허베이 여행 시 황사 주의보에 대한 대화
11,test_11,"Francis의 생일 파티에 Person2가 선물을 전달하며, 선물을 통해 Francis의 성격을 칭찬함."
12,test_12,"Steven이 부정행위로 불합격 판정을 받고, Tony에게 자신의 실수를 인정하며 후회하고 있습니다. Tony는 실수에서 배우기만 하면 된다고 조언합니다."
13,test_13,"톰은 시계를 잘못 알고 8시 50분에 도착했다고 생각했으나, 실제 시간은 9시 30분으로 기차를 타기 위해 급히 이동해야 하는 상황입니다."
14,test_14,"Person1: 매일 밤 잠을 잘 못 자고, 와인 마시고 피곤해하며, 죽음의 그림자가 앞에 있다고 느껴 조언을 구함."
15,test_15,"Person1#과 Person2#는 Ruojia의 결혼 소식을 듣고 놀람. Ruojia는 파티에서 와인잔과 결혼 축하 카드를 가져갈 예정이며, Person2#는 다기 세트를 선물할 계획임."
16,test_16,"두 사람이 적을 유인하기 위해 무언가를 사용하는 장면에서, 한 사람은 유인하는 행위가 재미있다고 주장하며, 다른 사람은 잔인하다고 비판함."
17,test_17,"Person1과 Person2는 여동생의 외모와 성격에 대해 이야기하며, 여동생과 자신 사이의 외모 유사성과 지능에 대해 언급합니다."
18,test_18,"머리가 아픈 사람이 체온을 재러 왔고, 열이 있는 것으로 확인되어 결석 사유를 설명하려 했으나 부모님에게 미리 연락하지 않은 것을 지적당했다."
19,test_19,"Person2: 새 휴대폰 구매 희망, 카메라·MP3 플레이어 기능과 영상 통화 기능 있는 모델 추천 요청."
20,test_20,"프랭크와 주디는 우체국에서 일하며, 좋은 건강보험 혜택을 받고 가족들도 무료로 의료 서비스를 받을 수 있어 이 직장을 선택했다고 이야기합니다."
21,test_21,"Person2님은 컴퓨터 프로그램 작성, 비서 업무, 케임브리지 영어 시험 합격, 루카스 비서 학원에서의 영문 속기 및 타자 훈련, 사무 절차 관련 훈련 등 다양한 특별한 기술 및 훈련을 보유하고 있습니다."
22,test_22,"손님이 스테이크를 미디엄 레어로 주문했으나 너무 잘 익고 질겨 교환을 요청했고, 서버는 다른 것을 제공하며 잠시 기다려야 한다고 안내했습니다."
23,test_23,Tom이 자신의 소설이 노벨상을 받았다는 소식을 듣고 매우 기뻐하며 축하 파티를 열자고 제안함.
24,test_24,"Person2#는 자동차 디자인 전공과 과학 석사 학위를 바탕으로 해당 일을 수행할 수 있다고 주장하며, 이전에 학생 엔지니어로서 다양한 재료의 기계적 강도와 부식 저항성에 대해 연구한 경험이 있습니다."
25,test_25,"Person1과 Person2는 술의 양과 빈도에 대해 이야기하며, Person2는 프로모션 있는 곳에서 술을 마시는 것을 선호한다고 말합니다."
26,test_26,"소풍 준비를 위해 메이야가 소시지와 과일 샐러드, 크래커, 냅킨, 일회용 접시, 컵, 담요 등을 챙기고, 다니엘은 토스트와 치킨 윙을 준비하기로 합니다."
27,test_27,"Muriel Douglas 씨와 James가 오랜만에 만나 대화를 나누며, 스키 여행과 영화에 대한 이야기를 합니다."
28,test_28,"유니버설 은행에서 고객과 직원 간의 대화로, 고객은 ATM 사용에 어려움을 겪고 돈을 인출하려 하지만 기계에 문제가 발생하여 불만을 표시하고, 은행 직원은 문제를 해결한 후 안전하게 종료합니다."
29,test_29,사교적인 사람이지만 직장 동료들과 대화할 때는 진심을 전하는 것이 중요하다고 생각합니다.
30,test_30,"Person1: Mr. Polly에게 음료수를 사오라고 부탁하지만, 상사가 있어 곤란함을 겪는다. Person2: 지갑에 4달러밖에 없어 고민하고 있다."
31,test_31,"모니카는 프랜시스와 재무 보고서 작업 시간을 조율하려 했으나, 프랜시스는 금요일 오전에 불가능하다고 하여 다른 시간을 제안했다."
32,test_32,"인터뷰 준비를 위한 워크숍에 참가한 사람들이 인터뷰에 도움이 될 고려사항에 대해 이야기하고 있습니다. 옷차림, 태도, 친절함, 정직함이 중요하다고 강조합니다."
33,test_33,"Person1#과 Person2#는 대화가 잘못되었다고 느끼고, Person1#은 Jason과 Laura의 관계에 대해 다른 관점을 제시하며, Person2#는 이에 대해 확신하지 못한다고 말합니다. Person1#은 대사를 통해 감정을 확인하고자 합니다."
34,test_34,Person1#과 Person2#는 주말에 바빠서 정원에서 만나 인사하고 필요한 것이 있는지 물어봄.
35,test_35,"빌이 피곤해하는 빌에게 오늘 퇴근 후 쉬라고 조언하고, 빌의 친구가 출장으로 미국을 방문하여 바쁜 일상을 공유합니다. 빌은 시간을 확인하려고 합니다."
36,test_36,"Person1#은 핵무기 확산을 막기 위한 시위에 참여하기로 하고, Person2#는 경찰의 최루탄 대기 소문 때문에 반대하며 시위가 무엇을 성취하는지 의문을 제기합니다. 시위가 평화로울 것이라는 Person1#의 의견에, Person2#는 정치학 수업 학생들에게 시위를 물어보기로 합니다."
37,test_37,Person1: 사람을 잘못 들이는 것은 문제다. Person2: 누군가가 문을 두드리며 신분증을 보여주면 괜찮게 받아들인다.
38,test_38,"Maggie는 역사 노트를 빌리고 싶고, Mark는 수업에 집중하기 위해 친구가 필요하다고 말합니다. Mark는 스터디 파트너가 되어 줄 것을 제안합니다."
39,test_39,"Person2는 Turner 교수님의 지질학 고급 과목에 대해 궁금해하며, 대학원 수준의 수업을 듣고 싶어합니다. Person1은 Burman 교수님이 수업에 적합한지 확인한 후 등록을 허락하겠다고 합니다."
40,test_40,"Person1: 방금 가게에서 펜던트를 구매한 후, 호텔로 돌아와 펜던트가 깨진 것을 발견하고 친구에게 새 것으로 교환을 요청함."
41,test_41,"Person1과 Person2는 새 옷을 두고 선물에 대한 의견을 나누고, Person2는 게임에 대해 이야기하며 대화의 주제를 바꾸려 합니다. Person1은 박싱 데이 세일에 대해 이야기하고 있으며, Person2는 게임에 대한 불만을 표현하고 있습니다."
42,test_42,"Person1과 Person2는 서로 다른 직업에 대한 흥미를 표현하며 대화를 나눈다. Person1은 미디어 업계에 대한 관심을 표현하고, Person2는 인터랙티브 미디어에 흥미를 느낀다."
43,test_43,"대화에서는 두 사람이 도착한 장소에서 지루함을 느끼고 있으며, 한 사람은 지루함을 해소하기 위해 다른 방법을 제안하고 있다. 음악, 신문, 퍼즐, 만화를 추천하며, 다른 사람은 자선 단체 수장의 연설을 잘 들어야 한다고 강조한다."
44,test_44,"사라와 남편은 이사 갈 여유가 없지만, 도시 외곽에 저렴한 집을 구한 경험을 공유하며 만족감을 표현함. 오래된 집도 관리하면 살 수 있음을 언급함."
45,test_45,"Mark Leach는 런던의 영국 관광청에서 정보 담당관으로, 매년 약 50만 명의 방문객에게 관광 정보를 제공하고, 13개 언어를 구사하며, 런던 여행 계획을 세우는 등 방문객에게 원스톱 서비스를 제공합니다."
46,test_46,"Lin Fang과 친구들 사이에서 영어 수업에 대한 대화로, 각자의 선호와 어려움을 이야기합니다. Nancy는 영어를 좋아하고, 체육과 과학에 관심이 있는 것으로 보입니다."
47,test_47,"Person1#과 Person2#는 집안일을 도와주며, Person2#는 개 Oscar를 산책시키고, Person1#은 농구 자전거를 사기 위해 돈을 모으고 있습니다. 다음 주말에는 할아버지를 뵈러 가야 해서 Person1#이 불참합니다."
48,test_48,봄이 왔지만 밤에는 여전히 추워서 난방을 껐다가 에어컨을 틀어야 한다.
49,test_49,"Person1#은 Person2#에게 Jason과 Laura의 관계에 대해 이야기하며, Jason이 화와 슬픔을 동시에 표현해야 한다고 조언합니다. Person1#은 자신만의 방식으로 연기하는 방법을 시도해보고, 여전히 맞지 않는다면 다른 방법을 제안할 것을 제안합니다."
50,test_50,"손님이 중요한 일을 위해 빠르게 택시를 타고 프렌드쉽 호텔에 도착했습니다. 택시 요금은 15위안이며, 손님이 20위안을 지불했습니다."
51,test_51,"빈털터리인 Person1이 과자를 사기 위해 잔돈을 빌리려고 하지만, Person2는 빌려줄 수 없음을 인정하고, 환승권을 받아서 해결하라고 조언한다."
52,test_52,"person1: 시내까지 차로 15분 걸리고, 미쓰비시, HP, IBM 등 유명한 기업들이 많이 있습니다. person2: 우리 회사는 이 건물의 6층과 7층을 사용하고 있고, 회사 식당도 있습니다."
53,test_53,Lulu가 Vic과 헤어지고 전근을 신청했다는 소식이 사무실에서 조용히 프로답게 행동하던 것으로 알려짐.
54,test_54,"샐리가 데이브 톰슨에게 짐을 찾아주기를 요청하고, 짐이 아직 돌아오지 않아 데이브에게 전화를 취했다가 돌아오는 길에 펍에 들렀을 가능성도 있다."
55,test_55,"Person1은 시청으로 가는 길을 Person2에게 다시 물어보며, Person2는 시청으로 가는 길을 자세히 설명합니다. Person1은 길을 잘 이해했는지 확인하고, Person2는 마지막으로 시청이 보일 때까지 설명을 계속합니다."
56,test_56,"여행 중 분실된 여권 관련 상황입니다. 여행자는 신발 코너에서 여권을 사용했고, 현재까지 백화점 및 신발 코너에서 여권이 발견되지 않았습니다. 여권 분실 보고 후 대사관에 연락하여 새 여권을 발급받아야 합니다."
57,test_57,국제 학생 사무실에서 Ms. Collins가 다음 주까지 연락이 불가능하여 다른 사람과 통화할 수 있는지 문의합니다. 결국 Ms. Fonda와 11시 30분에 통화하기로 합니다.
58,test_58,"Person1#과 Person2#는 Dick 외에는 결혼하지 않겠다는 Person1#의 말에 놀라고, Person2#는 그 말을 듣고 무서웠다고 합니다. Person1#는 Dick이 많은 여자들과 놀아났다고 지적하지만, Person2#는 Sarah가 Dick이 사랑해준다면 괜찮다고 말합니다."
59,test_59,"사람들은 파티에서 매력적인 여성을 만나고, 그녀에게 말을 걸어볼 용기를 내보자는 대화를 나눈다."
60,test_60,"Person1과 Person2는 학기 수업에 대해 이야기하며, 정치학 수업이 Person2에게 마음에 들었고, Person2는 작년에 들었던 비즈니스 커뮤니케이션 수업이 좋았다고 언급합니다. Person1은 Person2가 가장 좋아하는 수업이 무엇인지 궁금해하며, Person2는 비즈니스 커뮤니케이션 수업을 추천합니다."
61,test_61,"오늘은 날씨가 좋지만 어제는 폭풍우가 지나가 비와 번개가 많이 내렸고, 베이징의 가을은 아름답지만 여름이 아니어서 추울 수 있다."
62,test_62,"Person1과 Person2는 영화 취향에 대해 논의하며, 결국 전쟁 영화를 보러 가자고 제안합니다. Person1은 전쟁 영화를 보고 싶어하지만 Person2는 전쟁 영화는 전쟁을 다루는 로맨틱 영화로 오해하여 전쟁 영화를 보고 싶어하지 않습니다."
63,test_63,"Adam은 학교에 대해 안내하며, 높은 건물은 도서관, 남쪽에 있는 건물은 새 고등학교 교실 건물, 학교에 큰 수영장이 있으며 여름에만 개방된다고 설명합니다."
64,test_64,"Person1: 좋은 소식이 있어, 곧 아빠가 될 거야. Person2: 정말야? 곧 아기가 생길 거라니 기쁘다."
65,test_65,"John이 일주일에 일곱 번 같은 사람과 데이트를 한다니, 그 관계에 대해 의아해하는 모습이 보입니다."
66,test_66,"시스템 업그레이드를 고려하고 있는데, 소프트웨어에 그림 프로그램을 추가하고 하드웨어도 업그레이드해야 한다는 내용이 담겨있습니다."
67,test_67,"Person1과 Person2가 대화 중이며, Person2는 중국에서 온 멕시코 출신으로 스페인어를 할 줄 알고, Person1은 40세 미국 태생의 콜롬비아 혈통을 가진 미국인입니다."
68,test_68,"사람들은 몸무게 감량에 어려움을 겪고 있으며, 다이어트나 운동 등 다양한 방법을 시도해보고자 함."
69,test_69,"여덟 명 예약한 손님이 방이 준비되지 않아 식당 홀 창가 자리로 이동하려 했으나, 웨이트리스가 성함을 물어보고 안내하는 과정에서 대화가 진행됨."
70,test_70,"공장은 70년대 초기에 설립되어 50주년을 앞두고 있으며, 75,000 평방미터의 면적을 차지하고 500명의 직원이 세 교대로 운영 중입니다. 원재료부터 완제품까지 처리하며, 전문적인 동료들이 액세서리를 만드는 조립 라인으로 시작합니다."
71,test_71,"Rebecca는 대학 졸업 후 첫 직장인 York Herald에서 인턴으로 시작했으며, 주니어 로컬 뉴스 리포터로 2년 동안 일했습니다. 이후 런던 주간지로 이직하여 전국 신문사에서 근무했습니다."
72,test_72,조별 발표를 위해 포스터를 만들고 쇼핑 리스트를 작성하러 문구점에 가는 대화.
73,test_73,"사람들이 인력시장에서 에너지를 쏟고, 온라인 구직 사이트에서 지원서를 보내는 방법에 대해 이야기함."
74,test_74,"Person1#과 Person2#는 한 달 예산으로 300달러를 정하고, 고지서 지출을 위해 돈을 아껴야 한다고 이야기함."
75,test_75,"Jane은 Susan을 병원에 데려가기 위해 13번 버스를 타기로 결정했습니다. 13번 버스는 더 자주 다니지만, 시내 중심에서 출발하여 두 마일을 걸어야 합니다."
76,test_76,"Person1#은 내일 오전과 금요일 오후가 바쁘지만, 다음 주 화요일 오후 2시 30분에 시간 조율이 가능하다고 제안합니다. Person2#은 매크로 설정 방법을 설명하기로 합니다."
77,test_77,"뉴욕에서의 친구' 서비스는 개인 맞춤형 관광 안내 서비스로, 설문지를 통해 예산에 맞춰 완벽한 여행 일정을 만들어줍니다."
78,test_78,"Person2는 우리 회사에 대해 알고 있으며, 영업부에서 일할 수 있는지, 연봉과 복리후생에 대해 질문합니다. Person1은 연봉, 시작 월급, 복리후생에 대해 설명합니다."
79,test_79,"Person1#은 계약서 서명을 위해 왔으나, Person2#는 아직 계약서가 완전히 준비되지 않아 내일까지 준비될 것이라고 안내합니다. Person1#은 오늘 받을 수 있도록 서둘러 줄 것을 요청하며, Person2#는 초안을 검토하고 수정이 필요한 부분이 있는지 확인합니다. 최종적으로 Person2#는 오늘 저녁에 계약서를 작성하여 사본을 제공하기로 합니다."
80,test_80,"사람 1이 나이아가라 폭포로 가는 도중에 가드레일을 들이받는 사고를 당했고, 친구는 심하게 다쳤습니다. 2는 구급차와 경찰을 불러주겠다고 합니다."
81,test_81,학교 보건실로 가는 길을 물어보는 Person1에게 Person2가 친절하게 길을 안내합니다.
82,test_82,"Person2: 방의 소음 문제로 견디기 힘들어하며 방 교체를 요청하고, Person1: 빈 방은 내일 아침까지, Person2는 내일까지 조용한 방에서 쉬겠다고 합니다."
83,test_83,"Person1#과 Person2#는 베이징으로 가는 비행기 여행에 대해 이야기하고, 베이징 호텔에서의 숙박과 Mr. Wu의 저녁 연회에 대해 논의합니다."
84,test_84,Person1은 길을 잃고 있다가 Person2의 도움으로 올림픽 공원 근처에 도착합니다. Person2는 Person1에게 유이창에 가는 방법을 알려줍니다.
85,test_85,"컴퓨터가 멈춰 작동하지 않아 불편함을 겪고 있으며, 해결책을 찾기 위해 Mr. Li에게 조언을 구했으나 문제가 해결되지 않아 수리공에게 도움을 요청하기로 함."
86,test_86,"손님이 어머니의 생신 선물로 목걸이와 시계를 고려하고 있으며, 특히 어머니가 새 시계를 원해서 금색 시계를 선택하기로 결정함."
87,test_87,"뉴질랜드 지점 개설을 위한 회의가 진행되며, 발표 일정 확인, 방 대여, 점심 제공, 장비 준비 등이 논의됩니다."
88,test_88,러시아와 캐나다의 생활 속 속도 차이와 각 나라의 공공 서비스 품질에 대한 대화입니다.
89,test_89,"카리브해로 휴가를 가기로 결정한 두 사람은 폭풍의 위험성을 인터넷에서 확인했으며, 과거 여행 경험이 있는 자메이카와 케이맨 제도에 폭풍이 몰아쳐 피해를 입었던 경험을 공유합니다."
90,test_90,"Person1은 소풍에 가져갈 과일을 논의하며, Person2가 바나나를 가져오고, Person1이 포도를 추가로 가져가는 데 동의함."
91,test_91,"경제형 차량의 렌트 비용은 하루에 $19 또는 일주일에 $129이며, 주행 거리 무제한입니다. Person1#은 렌트 비용에 대한 정보를 확인하고, Person2#는 운전면허증을 요청하며 대여를 진행하려 합니다."
92,test_92,"사람들은 엘리베이터에서 웃는 것을 불편하게 여기며, 무표정한 사람들이 지루하다는 의견과, 상대방이 좋아하지 않아서 무표정하다는 의견이 대립합니다."
93,test_93,"Person1#과 Person2#는 작년의 판매 실적에 대해 이야기하며, 특히 시장 점유율의 상승과 흑자 전환에 대해 기뻐하고 있습니다. 또한 Wallace 사장의 리더십과 새로운 마케팅 전략의 성공에 대해 칭찬하고 있습니다."
94,test_94,"Person2가 가방을 잃어버리고, Person1이 도움을 주기로 하여 금요일에 갚겠다고 약속함."
95,test_95,"Person1#과 Person2#는 베이징에서의 식사 경험에 대해 이야기하며, Person1#은 해외에서 먹어본 것 중 가장 훌륭한 식사였다고 칭찬합니다. Person2#는 미국인들도 중국의 풍부한 음식 문화를 높이 평가한다고 언급하며, 팁 문화에 대해 논의합니다. Person1#은 일부 장소에서는 팁을 지불하지만, 호텔이나 일부 레스토랑에서는 서비스 요금이 계산서에 포함되어 있다고 설명합니다. Person2#는 이러한 팁 문화가 도입되면 큰 변화가 있을 것이라고 예상합니다."
96,test_96,빌은 오늘 룸메이트와 헤어지고 이사한 사실을 공유하며 행복해 보인다.
97,test_97,"호텔 숙박과 식사 요금이 청구되었으며, 신용카드로 결제할 수 있습니다."
98,test_98,"캐롤은 수잔이 파티 참석 여부와 디저트 제공 의사를 확인하기 위해 연락했습니다. 수잔은 파티가 내일 밤 8시 반에 있고, 디저트도 가져오고 싶다고 합니다."
99,test_99,"Person1은 Person2가 이전에 Common Fitness Gym, 시내 영화관, Whole Bean Cafe에서 일했을 것이라고 추측하지만, Person2는 모두 사실이 아니라고 부인합니다."
100,test_100,"사람들은 트럼프의 재선에 대해 다양한 의견을 가지고 있으며, 일부는 그를 지지하고 일부는 반대한다. 트럼프에 대한 믿음과 재선에 대한 기대가 있지만, 다른 사람들은 바이든을 지지할 의향이 있다."
101,test_101,"ATM 사용법을 Person2가 Person1에게 단계별로 설명해주며, Person1은 처음 사용해봐서 어려움을 표현한다."
102,test_102,"수잔 밀러는 사무실 절차에 관한 메모를 찾고 있으며, 비서가 가지고 있는 것을 원합니다."
103,test_103,주말 소풍을 강가에서 돌아다니며 저녁을 먹으러 가기로 한 대화
104,test_104,"중국 연회에 초대된 Person2는 베이징의 환대 문화를 경험했고, 중국 식기 사용법과 테이블 예절을 배우는 과정에서 어려움을 겪었다. 특히 젓가락 사용법에 대해 주의사항을 전달받으며 문화적 차이를 실감했다."
105,test_105,"Mary와 Person2는 영화 감상에 대한 이야기를 나누며, 영화 장르에 대한 다양한 취향을 공유합니다. 영화 대여점인 Movie Salon에 대해 언급하며, Mary도 회원 가입을 제안합니다."
106,test_106,"Person1: Person2가 환경 문제에 관심이 많아 그린피스 회원이었음을 확인. Person1: 녹색당이 선거에서 이길 가능성이 적다고 주장하나, Person2: 작은 정치 단체도 큰 정당에 영향을 줄 수 있다고 설명."
107,test_107,"윌슨 씨는 상품 문제로 사과하고, 손실에 대한 책임을 인정하며 교환을 약속했습니다. 포장을 개선할 계획을 언급했습니다."
108,test_108,"Person1: 강도 사건 관련 정보 확인을 요청하고, Person2는 은행에서 총을 든 가면을 쓴 사람이 혼자 들어왔다는 정보를 제공합니다."
109,test_109,"Person1: 배고파서 저녁 뭐 먹을지 물어봄. Person2: 각자 해결해야 한다고 답함. Person1: 아빠와 엄마가 외식하러 간다고 말함. Person2: 전통을 되살린다고 하며, 일주일에 한 번씩 피자 주문하자고 제안함."
110,test_110,"Person1은 새해 결심으로 다이어트를 하기로 하고, 정크푸드와 과자를 끊겠다고 다짐하며, Person2는 이를 믿지 않지만 기다려보자는 태도를 보인다."
111,test_111,"Person2는 Complit 287 수업에 등록하고 싶지만, 원래 터치톤 등록 시스템을 통해 등록해야 한다는 것을 알고, 학과 사무실에 문의했습니다. Person1은 비교문학 전공인 Karen Huang에게 터치톤 등록 시스템에 전화 등록하면 등록할 수 있다고 안내했습니다."
112,test_112,"Person1#과 Person2#는 급하게 나가면서 우산을 깜빡해 우산을 나누기로 하고, 두 사람은 가든 호텔로 가는 길에 동행하기로 합니다."
113,test_113,"Jack은 Daisy가 새 차를 구입했다는 것을 알고, 그 차를 타보고 놀람을 표현합니다."
114,test_114,"밤 10시쯤에 큰 불이 났고, 도움을 요청하는 소리가 들렸다는 내용."
115,test_115,"손님이 계산대까지 안내를 요청하고, 계산 시 서비스 요금이 추가된 총액인 905위안을 지불해야 하는 상황에서, 손님이 현금 부족으로 남편의 신용카드를 사용하려 하자 가게 규칙에 따라 서비스 요금을 제외한 나머지 금액만 지불할 수 없음을 설명합니다."
116,test_116,"Person2는 차 세차를 일반 세차 패키지로 하고 싶어 하며, Person1은 차량 외부, 창문, 내부를 포함한 세차 서비스를 제공합니다."
117,test_117,"휴가 계획에 대한 대화에서, 아내는 이집트로 가고 싶어 하지만 여러 가지 걱정거리가 있어 확정하지 못하고 있다. 해리와 함께 여행을 계획 중이나, 여러 가지 문제 때문에 여행이 불확실하다."
118,test_118,"Person1: 웨이트 트레이닝을 처음 시작하는 사람으로, Person2의 도움으로 운동 카드를 사용하여 기계의 무게를 기록하고, 각 기계의 적합한 무게를 파악하며 운동을 시작하기로 합니다. Person1은 지쳐서 운동을 중단하기로 결정합니다."
119,test_119,실직 상태인 두 사람이 전기 기술자 프로그램에 대해 이야기하며 지원 방법을 모색하기로 함.
120,test_120,"Person1: 강아지들 밥을 줬고, 목욕을 시켜주기로 약속했다. Person2: 토요일에 수의사 예약이 있고 오전 11시에 가야 한다."
121,test_121,"Aiden은 집주인에게 갚아야 할 200달러 빚이 있어 돈을 빌리고 싶어 하지만, 현재 돈이 부족하여 고민하고 있습니다. Person2는 자신의 차 엔진 교체를 위해 저축한 돈을 써서 50달러를 빌려주기로 합니다."
122,test_122,"자선 단체에서의 경험은 사랑, 동정심, 평등 같은 가치관을 형성하고 사고방식에 영향을 주었습니다."
123,test_123,"Person1#과 Person2#는 연락 방법에 대해 논의하고, 약 일주일 후에 결과를 알 수 있다고 합의함."
124,test_124,"Person1: Person2에게 중국 술 추천을 요청하고, Person2는 모우탄과 함께 베이징 오리 구이를 주문할 수 있다고 소개합니다."
125,test_125,"Dan은 Angela에게 친구가 다음 주에 결혼할 예정이며, 결혼식에 함께 갈 것을 제안합니다. Megan도 초대하고 싶어하며, 두 사람은 차에 타서 함께 갈 계획을 세웁니다."
126,test_126,"디저트 시간에 Person1과 Person2는 전통 그리스 요거트와 이탈리아 티라미수, 튀긴 바나나를 나눠 먹으며 대화를 나눈다."
127,test_127,"Smith 씨는 예일 대학교를 졸업하고 경제학을 전공했으며, 스물일곱 살이고, 지난 5년간 은행에서 주당 500달러를 받으며 근무했습니다."
128,test_128,"사람들은 조카에게 줄 선물을 찾기 위해 디지털 바비 인형을 제안하고, 가격은 $29.95입니다. 총 비용은 $32.42이며, 현금으로 결제했습니다."
129,test_129,조던 운동화를 41 사이즈로 구매하려는 Person2는 세일 중이라 더 싸게는 어렵다는 것을 알게 됨.
130,test_130,"사람이 길을 잃고 과학박물관에 가고 싶어 하지만 티켓 기계 사용에 어려움을 겪고 있다가, 안내를 받고 기차를 타기로 한다."
131,test_131,"사이먼은 단계적 은퇴를 통해 가족과 여행을 즐기며, 현재는 일과 휴식의 균형을 맞추고 있습니다. 그는 현재 회사에서 프로젝트 업무를 수행하며, 일의 시기를 스스로 결정할 수 있습니다."
132,test_132,"대화에서는 두 사람이 서로의 이상형에 대해 이야기하고 있습니다. Person1은 외향적이고 다정하며 사람을 차별하지 않는 여성을 선호하며, 자기중심적인 사람은 싫어한다고 말합니다. Person2는 집에서 요리하고 청소하며 아이들을 돌보는 여성을 좋아한다고 합니다. 또한, Person1은 최근 연구에 따르면 많은 여성이 남편이 집안일을 공평하게 분배하지 않는다고 생각하는 경향이 있다고 지적합니다."
133,test_133,"어젯밤 폭풍으로 큰 나무의 가지가 부러졌으나, 집은 피해 없이 4월을 맞이하고 있다."
134,test_134,"Person1: TV를 보는 것이 지루하다고 하며, 사람2와 함께 활동하는 것을 제안함. Person2: 사람2는 TV를 보는 것을 좋아하지만, 사람2와 함께 활동하는 것이 더 좋다고 함."
135,test_135,"Ben은 새 학교 생활에 대한 긴장을 표현하고, 첫 수업 준비에 대한 정보를 공유합니다. 첫 수업은 8시에 시작하며, 숙제 제출과 아침 자습 시간이 있습니다. 두 번째 수업은 45분 동안 진행되며, 쉬는 시간은 10분에서 15분 사이입니다."
136,test_136,"Adam은 오늘 무릎이 나아졌음을 알리고, 미시간과의 경기 영상을 보고 싶어하며, 무릎을 쉬라고 조언합니다."
137,test_137,"Person1: 프린터가 고장 나서 도움을 요청함. Person2: 도와주겠다고 하며, 문제없다고 자신감 있게 말함."
138,test_138,"Person1#은 커튼을 달고 싶어하며, Person2#에게 도움을 요청합니다."
139,test_139,"사람들이 주말 캠핑을 계획하고 있으며, 다다음 주말이 예약이 없는 시간으로 제시됨."
140,test_140,"Person1은 Person2가 산불 진화 작업 중이라 잠시 떨어져 있었다가 임신 소식을 듣고 놀람. Person2는 자신이 임신하지 않았다고 부인하며, 검사 결과도 확인함."
141,test_141,"대학 입시 결정에 어려움을 겪는 딸을 위해, 사람1은 딸이 스스로 결정할 수 있도록 격려하고 조언을 해주는 것이 중요하다고 조언합니다."
142,test_142,assistant
143,test_143,"Person1: 친구가 영국에서 도착해 우리 집에서 머물며 실험실에서 강연에 초대받았는데, 강연 주제는 멀티모달 텍스트 생성에 관한 것이다."
144,test_144,"Person1은 감기에 걸린 Person2에게 따뜻한 수프를 끓여주겠다고 제안하지만, Person2는 배도 고프지 않다며 자러 가자고 합니다. Person2는 동료가 감기에 걸린 것 같아 자신이 집에서 쉬고 싶다고 합니다."
145,test_145,Person2: Mr. Faber는 7월 20일 요크 호텔에 더블 룸으로 3박 예약을 하고 조식 포함 130달러를 지불하기로 했습니다.
146,test_146,"웨스트 더비 지역의 주거 옵션에 대해 논의하며, Person2#가 사무실 근처에 위치한 저렴한 원룸을 추천하고, Person1#이 그 지역의 큰 집들과 비교하며 플랫을 찾고 있음을 밝힘. 또한, 남쪽 더비에 다른 사무실이 있는 친구의 연락처를 제공받음."
147,test_147,"경찰과 기차 예약 문제로 Person1#과 Person2#가 논쟁 중이며, 과속과 운전 제안 등의 원인이 논의됨."
148,test_148,"Person1#은 9월 10일 100대 컴퓨터 주문 지연에 대해 문의하고, Person2#는 공장의 인력 부족으로 인해 지연이 발생했다고 설명합니다. Person1#은 Steve의 연락처를 요청하여 상황을 논의하기로 합니다."
149,test_149,"워싱턴 포스트는 1877년 12월, 뉴욕 타임스는 1851년 9월, 로스앤젤레스 타임스는 1881년 12월에 창간되었다."
150,test_150,"Person2의 컴퓨터에 바이러스가 아닌 파일 용량 초과 문제가 발생하여, Person1이 파일을 압축하여 해결 방법을 제안했다."
151,test_151,"Person1과 Person2는 주말에 함께 시간을 보내며 즐거운 시간을 보냈고, Person2가 Person1에게 초대해 준 것에 대해 감사의 마음을 표현했습니다. Person2는 다음에 또 만나기로 약속했습니다."
152,test_152,"Person1: 음식에 대한 의견을 나누고, Person2: Panda Express에서 중국 음식을 먹는 것을 제안함."
153,test_153,"톰은 Hans 가구 매장의 영업직에 대한 추가 기회를 요청하고 있으며, 메리는 톰의 빠른 학습 능력과 추가 근무에 대한 의지를 높이 평가하고 있습니다."
154,test_154,"Person1: 이번이 열 번째 전화로, 다시 이 번호로 전화하면 경찰에 신고할 것이며 체포될 거라고 경고함."
155,test_155,"음악 교사가 된 이유, 클래식 음악에 대한 관심과 스트레스 해소에 클래식 음악의 효과에 대해 이야기함."
156,test_156,"오늘 아침에 같은 건물에 사는 여자를 만났고, 그 여자는 미국 솔로남. 두 사람은 같은 이웃이라 사귀기 편할 것 같고, 저녁에 초대할 생각임."
157,test_157,"Mirella가 Silicon Valley 회의 이후 청바지와 스웨트셔츠로 출근하며, 관리팀은 그녀의 캐주얼한 복장이 조직에 적합하지 않음을 전달하기 위해 새 하얀 드레스를 제공했다."
158,test_158,"Person1#은 Person2#의 법률 사무소 창업에 대한 관심을 표현하고, Person2#는 이를 위해 도울 것을 요청하며, Person1#은 Person2#의 성공을 기원합니다."
159,test_159,"Kate와 Peter는 어젯밤에 온라인에서 밤새 시간을 보냈고, 음악도 들으며 휴식을 취하기로 했습니다."
160,test_160,"배와 보트는 교통수단으로서의 중요성이 줄어들고 있으며, 특히 대양을 건너는 화물 운송은 여전히 주로 배로 이루어지고 있다."
161,test_161,"Person2가 악몽을 꾸고, 엄마가 초콜릿 쿠키와 우유를 주며 위로해준다. 미시간 대학교 입학을 걱정하고 있다."
162,test_162,"Ernie와 Person2는 캠퍼스에서 밴드를 시작하기로 하고, Vanilla Ice의 힙합 음악을 추천하며 음악을 선택하는 데 도움을 주고 있다."
163,test_163,뉴올리언스로 여행 온 두 사람은 재즈 클럽 방문 후 강변 저녁 유람선 투어와 Sanger Theater에서 쇼 관람을 계획하고 예약하기로 함.
164,test_164,"Person1: 해당 제품이 자신에게 잘 맞는다고 판단하고 구매하기로 결정함. Person2: 결제 방법을 물어보고 신용카드로 결제하기로 함. Person1: 결제에 문제가 없다고 확인하고, 좋은 구매가 되길 바란다고 인사함."
165,test_165,Foster씨가 요청한 교육 매뉴얼을 Blake씨가 인쇄소에서 복사 중이라 내일 1시 전에 가져다줄 예정
166,test_166,"Person1과 Person2는 여행 계획을 논의하고 있으며, Person2는 롱아일랜드에서 솔트레이크시티까지 차로 여행하며 마흔 번째 생일을 축하할 예정이라고 합니다. 여행 준비와 함께 현지 음식을 즐기고, 파이브 레이크 스트리트와 월 스트리트를 방문할 계획입니다."
167,test_167,"파멜라를 위해 Person2#가 Person1#에게 비행기를 타라고 권유하고, Person1#은 Person2#에게 고마움을 표현하며 친구로서의 관계를 강화한다."
168,test_168,"Person1은 도시에서 77번 도로를 따라 이동하는 방법과 12번 버스를 타는 방법에 대해 물어보았고, Person2는 친절하게 정보를 제공했습니다."
169,test_169,"이슬람 신자들은 메카로 성지순례 하즈(하즈)를 가는데, 이 과정에서 많은 사람들이 메카를 방문하며 때로는 사고가 발생하기도 한다. 사우디 정부는 이러한 사고를 줄이기 위해 순례자 수를 제한하려고 한다."
170,test_170,"Person1은 처음 방문한 곳에서 길을 잃고, Person2에게 도움을 요청하여 중앙 백화점으로 가는 길을 물어보았습니다. Person2는 국가 은행까지 가는 길을 안내해 주었고, Person1은 감사의 인사를 전했습니다."
171,test_171,"Person1과 Person2는 다음 주 런던 여행에 대해 이야기하며, 각자 선호하는 교통수단에 대한 의견 차이를 보입니다. Person1은 기차를 선호하고, Person2는 자동차를 선호합니다."
172,test_172,"톰과 케서린은 점심 경험에 대해 이야기하며, 케서린은 음식 코너의 붐빔과 치킨의 덜 익은 상태에 불만을 표합니다. 톰은 집에서 점심을 싸왔고, 케서린은 패스트푸드를 선호하지만 건강에 대한 우려를 표현합니다."
173,test_173,"Person2는 레모네이드와 바비큐 윙을 주문하고, 베이비 백 립을 추가로 주문할 의사가 있음을 알림."
174,test_174,"Person1#과 Person2#는 감자튀김과 펩시 주문을 완료하고, 총 금액 $5.48에 만족하며 대화를 마무리합니다."
175,test_175,"Person1과 Person2는 아침 식사를 위해 대화 중이며, Person2는 머핀을 구워 냄새를 즐기고, Person1은 계란을 반숙으로 준비합니다. Person1은 반숙 계란을 선호하며, Person2는 반숙 계란을 요청하지만 여러 번 말해야 하는 상황에 대해 불만을 표현합니다."
176,test_176,"손님이 그랜드 호텔에 가고 싶어 하며, 11번가, 파크 스트리트에 위치한 그랜드 호텔을 찾는다."
177,test_177,Person1#은 자신의 아이들에게 미국 경찰의 외모를 보여주기 위해 사진을 찍고 싶어합니다. Person2#은 이를 이해하고 빠르게 사진을 찍어주기로 합니다.
178,test_178,"Person2는 내일 빈 방이 있는지 문의하고, Person1은 내일 빈 방이 없다고 답변합니다. Person1은 근처에 선셋 호텔이 있다고 추천합니다."
179,test_179,"Person1: 미국 비자 신청에 대해 이야기함. 비자 신청이 복잡하고, 필요한 서류가 많아 시간이 걸렸다고 함. Person2: 비자 신청 과정에서 서류 작성과 필수 서류 준비가 중요하다고 조언함."
180,test_180,"Person1은 피곤함으로 인해 Anne과의 마지막 만남을 아쉬워하며, Anne에게 다시 만나자고 제안하지만, Person1은 친구들과의 약속과 피로로 인해 거절합니다. Person2는 Anne과의 즐거운 시간을 언급하며 다시 만나자고 제안하지만, 결국 대화는 끝납니다."
181,test_181,"인터넷 쇼핑의 편리함과 가격 대비 높은 효율성을 강조하며, 온라인에서 다양한 제품을 쉽게 찾을 수 있음을 언급함."
182,test_182,"Person1: 미국식 회계에 익숙한지 물어보고, Person2는 익숙하지 않다고 답변합니다. Person1은 회계 프로세스에서 가장 기본적인 개념들을 질문하고, Person2는 회계 단위, 계속기업 원칙, 측정 단위, 회계 기간, 객관성 순으로 답변합니다."
183,test_183,"사람들은 여름에 시안에 가려고 하며, 7월 중 16일쯤에 가기로 계획하고 있다. 시안에 가는 비용은 약 2,000위안이며, 대부분 가지만 모니카는 하얼빈으로 간다. 피터와 제인은 멀리 가고 싶어 하며, 피터는 신장이나 티베트를, 제인은 남서쪽을 선호한다."
184,test_184,"사람들은 영화 대여에 필요한 회원 카드가 없어도 무료로 빌릴 수 있으며, 신작은 3.50달러, 다른 영화들은 2달러입니다. 6개까지 대여 가능하며, 5편 대여 시 5달러 특가가 제공됩니다. 반납은 목요일 밤 10시까지 해야 하며, 연체료는 대여비와 동일합니다."
185,test_185,"Person1#이 Mr. Lee가 찾고 있는 소포임을 알리고, Person2#는 책상 위에 두고 서명을 요청합니다. Person2#는 전해 줄 말이 있어 잠시 기다려 달라고 부탁합니다."
186,test_186,Person1: 오늘 밤 출발하는 비행기가 없음을 문의함. Person2: 공항이 닫혀 내일 아침까지 비행기가 출발하지 않음을 알림. Person1: 불을 켜 놓지 않으면 잠을 못 자는 습관 때문에 방을 함께 사용해야 함을 제안함.
187,test_187,"Person1#과 Person2#는 식사 비용에 대해 논의하며, 각자의 역할을 분담하기로 합의함."
188,test_188,"Person1#과 Person2#는 학업 스트레스와 불면증으로 인한 불안감을 나누며, 스트레스 해소를 위한 요가나 이완 테크닉을 추천한다."
189,test_189,Person1: 주방이 너무 낡아서 현대식 주방을 바꾸고 싶다고 함.
190,test_190,"Person1과 Person2는 새 선생님인 Professor Wood에 대해 이야기하며, Person2는 Wood를 뛰어난 과학자로 평가하지만, Person1은 그가 좀 덤벙대는 것 같다고 언급합니다."
191,test_191,"Person1#은 검사 결과를 명확하게 알고 싶어 상담 예약을 원하고, Person2#는 검사 결과에 대해 명확한 정보를 제공받고자 하며, 상담은 오늘 오후에 진행할 예정임."
192,test_192,"사람들은 시험 준비와 용돈 벌이로 어려움을 겪었으나, 학생 복지회의 도움으로 이를 극복했습니다."
193,test_193,"Person1#은 소포를 한국으로 보내는 방법을 논의하며, 1등급으로 보내는 것이 2일 걸리지만, 10일 더 걸리는 다른 방법을 제안합니다."
194,test_194,Linda의 휴대폰을 찾지 못해 Person2가 결혼식에 앞서 여동생에게 전화할 계획을 세움. 결국 두 사람은 빵집에 휴대폰을 맡기기로 결정함.
195,test_195,"미국인 Person1은 로스앤젤레스에 관광을 위해 도착했으며, 관광 중 음료 서비스를 제공받았습니다."
196,test_196,"여름 방학에 대해 이야기하며, Person1은 여행 후 진지한 일자리를 생각하고, Person2는 여름에 사업 수업과 아르바이트를 통해 경험을 쌓을 계획임."
197,test_197,"Person2가 우유 배달을 위해 정원에 갔는데, 정원 문이 잠겨 있었고 쪽지를 발견하지 못해 울타리를 넘어 문 근처로 갔습니다. 그때 큰 가지에 부딪혀 개가 다쳤지만, 정원 안에서 짖고 다치지는 않았습니다."
198,test_198,"6년 전과 현재 직장 생활의 차이점과 승진 준비, 여행 기회, 그리고 어머니 돌봄에 대한 이야기를 나누고 있습니다."
199,test_199,"사회보장번호와 신분증을 제시한 Person1#이 통장 개설을 요청했고, Person2#는 해당 통장이 사업 거래용으로 설계되었음을 설명하며 이자가 없음을 안내했습니다. Person1#은 출금 방법을 물었고, Person2#는 은행이나 ATM에서 출금할 수 있다고 답변했습니다."
200,test_200,"중국 음식에 대한 Person1#의 호기심에 Person2#가 중국에는 여덟 개의 요리 스타일이 있다고 설명하며, 그 중 사천, 호남, 광동, 강소 요리에 대해 언급한다. Person1#은 매운 음식을 잘 못 먹는다고 하고, Person2#는 베이징 오리구이를 추천하며 전취덕 식당을 소개한다."
201,test_201,"Person1: 상사에게 결과를 물어보고, Person2는 가격이 동의되었지만 배송 지연에 대한 걱정이 있다고 합니다. Person1은 Person2가 양털이 최대한 빨리 도착하기를 원한다고 말합니다. Person2는 Person1이 어젯밤에 양털을 주문하기로 했고, Person1은 계약서 작성을 동의하며 진행하기로 합니다."
202,test_202,"손님 A가 방 번호 503호에서 독서등을 깨뜨리고, 손님 B에게 변상하기로 하며, 양식 작성을 요청받았습니다."
203,test_203,"2006 회계연도 마케팅 계획에 대해 설명하며, 목표 달성을 평가하기 위해 시장 상태, 전년도 마케팅 수치, 올해의 최종 판매 수치를 고려해야 한다고 언급했습니다. 매출 데이터는 2005년은 초반에 느렸지만 연말에 좋은 성과를 냈고, 2006년은 매출이 크게 증가했습니다."
204,test_204,"Person1과 Person2는 휴가 계획에 대해 이야기하며, Person2가 유럽 여행을 위해 파리에서 시작하여 기차를 타고 니스와 밀라노를 방문할 계획이라고 합니다. 이후 영국으로 이동하여 에든버러에서 페스티벌에 참석할 예정입니다."
205,test_205,"Mr. Fox는 중형차 예약을 했으나, 현재 차량이 모두 나간 상태입니다. 그는 예약의 필요성을 이해하지 못하며, 작은 차나 SUV로 변경할 수 있는지 물어봅니다. Mr. Fox는 보험을 요청하고, 대여료에 대해 할인을 받습니다."
206,test_206,"사람들이 카드게임을 하기 위해 조용히 해달라고 부탁하고, 엄마는 이를 허락하며 5분 동안만 건드리지 말라고 경고한다."
207,test_207,"Person1과 Person2는 커피를 제안하고, Person2는 이번 주 회의 일정을 공유합니다. 런던 회의는 11시 30분에 있고, 목요일에는 Ms. Von과 대화할 예정입니다."
208,test_208,"지리 수업 준비 중인 Person2가 세계 지도를 보며 화산 활동과 강이 만든 지형에 대해 이야기하고, Person1는 세계가 대부분 물로 덮여 있는 점에 놀라며 더 많은 정보를 찾기로 함."
209,test_209,"고객이 방의 담배 냄새 문제로 금연 방으로의 변경을 요청했고, 직원과 고객은 불편을 사과하며 해결책을 모색했습니다."
210,test_210,"젖은 시멘트 위를 걸으려는 부주의한 작업자들의 행동으로 인해 표지판이 사라졌고, 이로 인해 작업자들이 표지판을 찾기 위해 젖은 시멘트 위를 걷고 있는 상황"
211,test_211,"슬슬 작별 인사를 나누고, 즐거운 시간을 보낸 후 다음 주에 다시 만나기로 약속함."
212,test_212,"Bill과 Jim은 2주 동안 못 본 친구 Dick에 대해 이야기하고, Jim은 이탈리아 여행 후 아팠다는 사실을 공유합니다. William 박사가 복귀를 권장하고 있습니다."
213,test_213,"직원들은 장시간 근무와 낮은 임금, 추가 수당 부족에 대한 불만을 표하며, 권리를 보호받아야 한다고 주장하고 있다."
214,test_214,Person1: Lisa의 안색이 안 좋아 보여서 걱정이 됨. Person2: Mark가 남편과 바람피우고 있다는 사실을 알게 됨. Person2: Mark의 직장 동료를 가장하며 불륜 사실을 자백함. Person1: Mark가 이혼을 요구하자 Person2가 동의함.
215,test_215,"Person1#은 의사 선생님이 Person2#가 너무 많이 먹고 있으며, 빨간 고기를 줄이고 식단을 정리하라고 조언했다고 합니다. Person1#은 Person2#가 다이어트를 시작해야 한다고 말합니다."
216,test_216,"Person1은 Person2가 남아야 한다고 주장하며, Person2는 Person1에게 함께 떠나자고 제안하지만, 결국 Person1은 Person2에게 떠나겠다고 선언합니다."
217,test_217,"Person1#은 도서관 이용 방법에 대해 문의하고, Person2#는 교내 학생증이나 입학증명서를 통해 책 대출 및 저널/잡지 이용이 가능하다고 설명합니다. Person1#은 한 번에 몇 권을 대출할 수 있는지, Person2#는 한 번에 두 권까지 가능하며 잡지/저널은 도서관 내에서만 읽을 수 있다고 합니다. 대출 기간은 한 달이며, 기한 내 반납이 요구됩니다. Person1#은 회화 영어 관련 책 두 권을 대출하고 싶어 하며, Person2#는 해당 책을 안내합니다."
218,test_218,"오늘 날씨가 맑고 시원해 밖에서 점심을 먹기 좋으며, 주말에 해변에 가기에도 적합할 것 같습니다."
219,test_219,"사진 촬영 금지된 박물관에서 Person1#이 Person2#의 카메라를 잠시 보관해달라고 부탁하고, Person2#는 기념품 가게에서 사진이나 엽서를 구매할 수 있는지 물어봅니다."
220,test_220,"Person2는 대출 승인에 필요한 신용 점수에 대해 문의하고, Person1은 대출 조건에 대해 설명합니다."
221,test_221,"모니카의 발표가 성공적으로 마무리되었고, 그녀의 노력과 동료들의 지원이 큰 기여를 했음이 드러남."
222,test_222,"톰과 Person2는 아침에 뛰기로 하고, 내일 6시쯤 Person2의 집에 들르기로 합니다."
223,test_223,"일본 레스토랑에서 인기 있는 일본 요리를 세트 코스로 다양하게 제공하며, 고기 요리도 많이 준비되어 있고, 10시까지 영업하며 저녁 마지막 주문은 9시 30분입니다."
224,test_224,Simpson과 Person2는 목요일 12시 30분에 점심 약속을 정했다.
225,test_225,"Person1은 데이트 상대와 레스토랑에 가고 싶어 하며, Person2는 호텔 레스토랑과 그레이머시 타번 중 선택지를 제안합니다. 결국 호텔 레스토랑에서의 데이트를 선택하고 예약을 요청합니다."
226,test_226,"Person1: 오리구이, 돼지고기, 소고기, 맥주 두 병의 가격을 합산하여 총 42.50달러를 지불하고 거스름돈을 받음."
227,test_227,"사람들은 축구, 농구, 테니스, 익스트림 스포츠, 골프, 럭비 등 다양한 스포츠를 즐기고 있습니다."
228,test_228,"핀란드 헬싱키로 여행을 가는 29일 돌아오는 저렴한 항공편을 찾고 있으며, 솔트레이크시티에서 뉴욕 케네디 공항까지 가는 항공편과 케네디에서 헬싱키로 가는 항공편에 대한 정보를 제공합니다. 또한, 채식 기내식을 요청합니다."
229,test_229,"내일 플로리다로 할머니를 뵈러 가는 사람이 디즈니 월드를 방문할 예정이며, 할머니는 디즈니 월드를 잘 알고 계심."
230,test_230,"Person1: 호주에 가본 적 있어요? Person2: 아니요, 없어요. Person1: 거기 가보고 싶어요? Person2: 네, 정말 가보고 싶어요. 그레이트 배리어 리프를 꼭 보고 싶어요. 제 친구들이 말하길 거기 물고기들이 정말 대단하다고 하더라고요."
231,test_231,"Laura와 Person1은 운동에 대한 이야기를 나누며, Person1은 주로 걷기와 수영을, Person2는 테니스와 수영, 자전거 타기를 즐긴다고 말합니다."
232,test_232,"Person2는 시카고에서 태어나고 열네 살에 로스앤젤레스로 이주했으며, 링컨 고등학교를 졸업하고 유럽 뮌헨에서 2년간 거주했다."
233,test_233,"Person1: 새 정장의 가격이 150달러로 백화점에서 구매했고, Person2:는 그 가격에 비해 좋은 거래가 아니라고 생각한다."
234,test_234,"Robin이 mountain lake cycle tour에 대해 설명하며, 참가자들은 체력 증진과 재미를 위해 참가하고 매년 기록을 갱신하려고 합니다. 평균적으로 참가 시간은 7~9시간이며, 최대 참가자 수는 1200명입니다. 단계적 출발을 도입해 첫 그룹은 오전 7시에 Ottawa에서 출발합니다."
235,test_235,"Person1: Person2에게 아페리티프를 추천하고, 시그니처 음료를 소개합니다. Person2는 아페리티프를 주문하고 맛있다고 합니다."
236,test_236,"Gregory와 Person1은 점심을 먹으러 가고, Person1은 번지 점프 경험을 공유했습니다. Person2는 모험을 두려워하지만, Person1은 모험을 추천하며 지갑을 잃어버린 일을 이야기합니다."
237,test_237,"Person1: 인터넷 검색을 통해 노르망디 상륙작전에 대한 정보를 찾고 싶다고 함. Person2: www.google.com에서 검색할 것을 제안하고, Person1: 도서관에서 더 자세한 정보를 찾기로 함."
238,test_238,"사용자는 처음 운동을 시작하고, 상체 운동과 삼두근, 이두근 운동에 대해 조언을 구하고 있습니다. 무게는 5킬로로 시작하고, 스트레칭의 중요성을 강조합니다."
239,test_239,"Person1은 캠퍼스 내에 주차할 수 있는 건물을 찾고 있으며, Person2는 오늘 아침 캠퍼스 서쪽 주차 건물이 비어 있었다고 말합니다."
240,test_240,"Susan은 미국 급여 명세서를 이해하는 데 어려움을 겪고 있으며, FICA와 SUI 세금, Medicare, 건강 보험 계획에 대한 설명을 요청합니다. Person2는 급여 명세서의 구조와 각 공제의 목적에 대해 설명합니다."
241,test_241,"사용자는 자판기에서 간식을 구매하는 방법을 알고 싶어하며, 자판기 사용에 어려움을 겪고 있다."
242,test_242,"Person1: 태국에 있는 여자친구를 만나러 간다고 말하자 놀랍다고 말하며, Person2는 처음 만나는 여자친구라고 설명함. Person2는 인터넷으로 여자친구를 알고 지냈고, 다음 달에 약혼할 계획이라고 밝힘."
243,test_243,"제임스와 케이트는 새 가구를 구입하고, 커튼과 소파를 새로 설치했습니다. 케이트의 예전 카펫은 청소 후 사용하던 것이었고, 카펫은 중국 여행에서 구입한 새 것이었습니다."
244,test_244,"Bill에게 하루 운동 일정을 공유하며, Person1#은 조깅, 헬스클럽 운동, 계단 이용, 수영 또는 라켓볼, 댄스 수업 등을 제안하지만 모두 거절당한다."
245,test_245,"Person1: 과학 과목에 대해 고민 중이며, Person2는 졸업 요건으로 과학 과목을 들어야 한다고 말한다. Person1은 수학에 어려움을 겪고 있고, Person2는 생물, 화학, 수학, 물리학을 필요로 한다."
246,test_246,"환경친화적인 생활 방법을 고민하는 대화로, 개인과 학교에서의 환경 보호 노력에 대해 이야기함."
247,test_247,"토니는 크리스마스가 다가오지만, 쇼핑센터 장난감 부서에서 일하며 크리스마스가 더 많은 스트레스와 업무로 다가오고 있다."
248,test_248,"Bill은 파티에서 친구들에게 케이크와 샌드위치를 맛보라고 권유하고, 샐러드와 스프를 가져다주겠다고 제안합니다. 그는 나중에 파티에 함께 가고 싶다고 합니다."
249,test_249,"Person1: 여름 의류 20% 할인 중이며, Person2가 티셔츠에 어울리는 치마를 찾고 있어, Person1이 치마와 바지를 추천하여 구매를 완료했습니다."
250,test_250,"Person1#은 지난달 예약한 국제선 항공편의 예약 확인서를 받으러 방문했으나, 72시간 내에 재확인하지 않아 예약이 취소될 위기에 처했습니다. Person1#은 다른 비행편을 찾고 싶어합니다."
251,test_251,부활절에 가족들이 모여 뷔페식 파티를 열고 있다. 애들은 집에 숨겨놓는다는 이야기.
252,test_252,토니에게 상처 주는 말을 하는 습관에 대해 부모와 토니의 대화.
253,test_253,"Person1: Julie와 Alex가 결혼한다는 소식이 있고, Alex의 들러리 파티에서 신랑 들러리들이 술게임과 장난 선물을 주고 신랑에게 장난을 칠 예정임."
254,test_254,"Person1은 Person2에게 투표용지를 받기 위해 도와주겠다고 제안하고, 신분증을 확인한 후 투표용지를 전달합니다. Person2는 이를 감사하며 투표 부스로 가서 투표할 것을 안내받습니다."
255,test_255,"우리 회사는 인원 감축을 앞두고 있으며, 조지, 앤디, 리사는 잘릴 가능성이 낮고, 마이클은 세 달 연속 판매 기록 최고라 감축 대상에서 제외될 가능성이 높다."
256,test_256,"Person1과 Person2는 최근 결혼 생활과 이혼율에 대해 이야기하며, 결혼에 대한 젊은 세대의 태도와 결혼 생활의 짧고 급진적인 특성에 대해 논의합니다."
257,test_257,"Judy와 Person2는 여행 예산에 대해 이야기하며, 교통비와 호텔비 지출이 전체 예산에서 큰 부분을 차지할 것으로 예상합니다. Person2는 청년호스텔을 추천하며, 저렴하면서도 깨끗한 숙소를 선택할 수 있다고 제안합니다."
258,test_258,메리가 제로드와 파리에서 결혼했다니 놀랍다.
259,test_259,"Person1#과 Person2#는 금요일에 빌린 50달러를 갚기로 약속하고, Person1#이 책 구매 후 주유소를 갈 예정임을 알림."
260,test_260,"Murphy Music과 U-Tunes가 합병할 예정이며, 이는 시장 전략에 큰 영향을 미칠 것으로 보입니다."
261,test_261,"Person1: 새 조수 톰을 소개하며, Person2가 톰이 자신보다 거만하다고 언급. Person1: 톰이 잘 도와준다고 말함. Person2: Person1에게 인사하지 않는 톰의 태도를 지적."
262,test_262,"회의에서 Sarah는 자신의 제안이 받아들여지지 않아 속상해하고, 회의 주재가 Bob에게 있다고 말한다. Sarah는 회의에서 주요 포인트를 언급하고 회의 후 추가 대화를 통해 의견을 공유할 것을 제안한다."
263,test_263,"이슬람 순례자인 메카의 무슬림들이 하즈라는 순례 의무를 수행하며, 성스러운 돌 주변을 걷는 과정에서 사고가 발생하고 있어, 사우디 정부는 순례자 수를 제한하려고 한다."
264,test_264,"Mike와 Jenny의 관계에 대해 Person 1#과 Person 2#가 대화를 나누고 있으며, Person 2#는 Person 1#이 Jenny에게 호감 있는지를 궁금해합니다. Person 1#는 용기를 내서 Jenny에게 데이트 신청을 해야 한다고 조언합니다."
265,test_265,"대화에서는 화가 날 때 진정하고 왜 화가 났는지 생각하는 방법을 공유하며, 음악 듣기와 운동이 화를 푸는 좋은 방법이라는 것을 언급합니다."
266,test_266,"Person1: 아빠의 가족에 대해 물어보며, 뉴질랜드에 있는 가족에 대해 언급. Person2: 아빠의 삼촌 Bill과 그의 아내, 딸들 Sarah와 Jane에 대해 설명. Person1: Bill의 아내가 Jane의 엄마가 아니라 Sarah의 계모라는 사실 확인. Person2: Bill의 아내가 내년에 유럽 여행을 할 때 우리 집에 방문할 예정임을 알림."
267,test_267,"Stuart가 도시 마라톤에서 우승하여 동료들과 가족의 축하를 받았고, 큰 흥미진진한 순간이었다고 언급됨."
268,test_268,"손님(Person2)이 아이들과 아내를 위한 선물을 고르다가, Person1이 아이들에게 스니커즈를 추천합니다. Person1은 가격 정보를 제공하고, 총 지출 금액이 제한되어 있어 다른 선물을 더 구매해야 한다고 설명합니다. 이후 손님은 덴야 향수를 구매하기로 결정합니다."
269,test_269,Person1: 영국으로 전화할 때 로밍 요금이 비싸서 현지 SIM 카드를 사용하는 방법을 문의함. Person2: 현지 SIM 카드를 편의점에서 구매하고 폰에 넣어 사용할 수 있다고 설명함. Person1: SIM 카드 비용과 영국으로 전화할 때의 요금에 대해 물어봄. Person2: SIM 카드 100위안과 영국으로 전화 시 분당 10위안 정도의 요금이 든다고 안내함.
270,test_270,"Person1은 Person2에게 수수료와 급여 중 어떤 것을 선택할지 묻고, Person2는 현재 월급으로 1,800위안을 받고 있음을 밝힙니다. Person1은 Person2에게 초기 급여로 2,500위안을 제안하며, 근무 조건에 대해 논의합니다."
271,test_271,"Person1은 Barry에 대한 호감을 표현하고, Person2는 Paul에 대한 선호를 밝힙니다. 두 사람은 자신들에 대한 성격에 대해 이야기하며, Person2는 금요일 생일 파티에 Person1을 초대합니다."
272,test_272,"Person1: 파사디나나 아카디아에 관심이 있는데, 3개의 침실과 2개의 화장실이 있는 중간 크기의 집을 원하며, ABC 학군 근처에 있는 전망 좋은 집을 찾고자 함."
273,test_273,"Person1#은 샘플을 보고 나서 결정을 내리기 어렵다고 말하며, 샘플을 두고 가자고 제안합니다. Person2#은 이를 수락하고 다음 주에 연락하겠다고 합니다."
274,test_274,"PHS에서 Sons까지 가는 직행 버스가 없으며, 두 번의 환승이 필요합니다. 268번 버스를 타고 서쪽에서 페어 오크스와 워싱턴에서 내린 후, 261번 버스를 타야 합니다."
275,test_275,"Person1#은 Mrs. Word에게 집까지 태워다 드리겠다고 제안하고, Person2#은 이에 대해 감사의 인사를 전합니다. 또한, Person1#은 우산을 들어주기를 부탁하며, Person2#은 오늘 밤 날씨가 끔찍하다고 언급합니다."
276,test_276,"Person1: Person2의 어깨 통증에 대해 걱정하며, 엑스레이를 권장하고 병원에 가자고 제안함."
277,test_277,고객이 국제 신용카드를 잃어버려 IBA 고객 서비스부에 도움을 요청했다.
278,test_278,"Person1은 낮잠을 자고 싶어 하며, Person2는 전화기를 뽑아놓는 것이 좋다고 제안합니다. Person1은 6시에 저녁을 준비할 것 같다고 말하며, Person2는 좋은 낮잠을 바란다고 합니다."
279,test_279,"Person1: 중국 음식과 양식 중에서 선택하고, 포장할지 테이블에 앉을지 물어봄. Person2: 중국 음식을 선택하고, 여기서 먹을 것임. Person1: 음료 선택 후 Person2가 두유를 요청함. Person1: 소고기 메뉴를 확인한 후 Person2가 괜찮다고 답변함."
280,test_280,"사람들은 식사를 위해 필요한 식기를 챙기고 줄을 서며, 크림 케이크에 대한 기대감을 표현하고 있습니다."
281,test_281,Lucy의 노래에 대한 기대가 있는데 Stanley가 엘비스 노래를 듣고 싶어해서 Stanley가 리스트에 노래를 추가하기로 했습니다.
282,test_282,"Person1: 집에서 보는 비디오 플레이어가 영화관을 대체할 수 있는가? Person2: 영화관이 DVD 산업 때문에 큰 도전에 직면하고 있으며, 영화 상영의 개념을 혁신해야 한다고 생각한다. Person2: 영화관은 단순히 영화를 보는 장소가 아니라 사람들과 만나는 장소가 되어야 한다고 주장한다."
283,test_283,"Person1: 갈색 드레스가 어울릴 것 같고, 면 소재가 가볍고 산뜻하다며 노랑이나 초록색이 잘 어울릴 것 같다며 추천함. Person2: 하얀색이 좋다고 함."
284,test_284,"용돈을 주기 위해 아빠가 매주 토요일에 용돈을 주는 것을 잊어버리지만, 결국 13달러를 용돈으로 받기로 함."
285,test_285,"Mike의 생일 파티에 대한 초대장을 주고받은 두 친구 사이에서, 파티 시작 시간과 초대장 누락에 대한 의견 교환 후, 한 친구가 다른 친구에게 초대할 것을 제안하고, 다른 친구도 이를 수락하며 초대할 것을 약속함."
286,test_286,"Person1은 소포를 우선우편으로 보내고 싶어 하며, 50달러 가치의 책자 우표와 항공우편 우표를 요청합니다. Person2는 이를 일반 우편 창구 옆 우표 창구에서 구매해야 한다고 안내합니다."
287,test_287,"지진은 가장 무서운 자연재해 중 하나이며, 많은 사람들이 목숨을 잃기도 하지만, 당시 사람들은 구조와 지원이라는 두 단어만 알고 있었으며, 인류 간의 사랑은 지리적 한계가 없다."
288,test_288,"날씨에 대한 대화로, Person1은 습하고 추운 날씨를 견디기 힘들어하며 따뜻한 날씨를 선호하고, Person2는 이런 날씨에 익숙하다고 말합니다. Person2는 곧 봄이 와서 기분 좋은 날씨가 될 것이라고 기대합니다."
289,test_289,올림픽 기념품 가게에 가서 가족들에게 줄 선물을 사려고 방문하기로 함.
290,test_290,"Person1은 큰 요리를 자주 하기 위해 16인치 알루미늄 팬을 구매하려고 하지만, 너무 무겁다고 합니다. Person2는 더 가벼운 알루미늄 팬을 제안하고, Person1은 그 팬을 선택하여 결제합니다. 팬과 뚜껑을 함께 받습니다."
291,test_291,"두 사람은 퇴근 후 할 일을 이야기하며, 5시에 만나기로 약속한다."
292,test_292,"워싱턴의 관료들은 현대적이고 편안한 사무실과 도시에 매력을 느끼며, 보람 있고 안정적인 직업을 선호합니다. 또한, 높은 급여와 근무 조건이 이러한 매력을 유지시켜 줍니다."
293,test_293,"Pete는 베이징 사무실에서 근무하는 Henry Johnson을 소개하며, 두 사람은 같은 도시 출신이고 현재 중국에서 생활하고 있습니다. 저녁에는 유명한 만두집에서 식사 후 노래방에서 시간을 보내기로 하지만, 노래방에서 맥주를 마시는 것으로 결정됩니다."
294,test_294,"Julie와 Person2는 Person2가 식중독으로 아프다는 이야기를 나눕니다. Person2는 일요일 저녁에 친구들과 맛있는 식사를 한 후 치킨을 먹었고, 그 이후로 속이 안 좋아졌습니다. Person1은 Person2가 수업에 참석할 수 있을 것이라고 걱정합니다."
295,test_295,"Mike는 친구들이 오늘 오후에 방문할 예정이며, 그는 음료수 준비를 위해 커피, 물, 과일 주스, 콜라를 사와야 합니다. 친구들은 사과를 구매하기로 결정했습니다."
296,test_296,"베를린에 도착한 두 사람은 긴 버스 여행 후의 불편함에 대해 이야기하며, 다음 번에는 비행기를 타기로 결정할 것이라고 언급함."
297,test_297,"Person1은 Person2에게 주말에도 일하는 것이 이 일에 적합한지 물어보고, Person2는 여행과 사람 만남을 좋아하며 외국어에 능숙하고 대중 연설에 흥미를 느낀다고 설명합니다."
298,test_298,"지미와 에이미는 제니와 빌이 주최한 피크닉에서 즐거운 시간을 보냈고, 그 후 베이하이 공원에서 술 한잔, 카드 게임을 하며 즐거운 시간을 보냈다고 합니다."
299,test_299,정원 물 주기 문제 해결 후 차 마실 수 있게 됨.
300,test_300,"긴급 회의 소집 필요성이 제기되고, 오늘 오후 Ken의 일정 확인이 요구됩니다."
301,test_301,"Person2가 편지에 쓸 우표가 필요하여, Person1에게 얼마의 우표가 필요한지 물어보고, Person1은 편지의 무게를 재고 7달러가 필요하다고 알려줍니다. Person2가 10달러 지폐를 Person1에게 건네며 영수증을 제공합니다."
302,test_302,"Mr. Smith는 심각한 감염으로 인해 항생제와 가려움증 및 화끈거림을 완화할 수 있는 크림을 처방받았습니다. 처방전은 약국에서 할인받아 받을 수 있으며, 약국은 4층에 위치해 있습니다."
303,test_303,"사용자는 중국의 독특한 공예품들 중 운반이 쉬운 것을 추천받고 싶어 하며, Person1은 종이 공예품, 자수, 바틱을 추천했다."
304,test_304,"에펠탑은 1889년 만국박람회를 위해 지어졌으며, 구스타브 에펠의 이름을 따서 지어졌다."
305,test_305,"Brian은 영어를 잘하며, 대학에서 미국으로 온 지 3주째이고 아내도 함께 왔습니다. 캘리포니아와 라스베이거스를 가본 적은 없습니다."
306,test_306,"Person1: 걱정할 필요가 없다. Person2: 미안하다며, 아직 도착하지 않았다. Person1: 곧 도착할 것 같다."
307,test_307,Person1: 계획대로 진행되지만 문제가 생길 수 있음을 경고함. Person2: 지금까지 어렵지 않았다고 반박함.
308,test_308,John이 일주일에 7번이나 여자친구와 데이트하며 그녀에게 푹 빠졌다.
309,test_309,영국 런던의 역사적 장소들에 대한 여행 계획과 그 중요 인물들에 대한 언급이 있습니다.
310,test_310,Person1: 이번 학기에 학교에서 우리 학년에 새로운 과목들이 많이 추가됐어. 그래서 숙제도 더 많아졌어.
311,test_311,"베이비 샤워에서 Person1#은 작은 턱받이, 유모차, 식탁의자, 카시트, 놀이펜, 침대 선물을 받고 감사 인사를 전함."
312,test_312,"중국 여행에 대한 의견 교환: 엄마와 함께 가고 싶다는 Person1의 요청에 Person2는 중국을 멋진 나라로 언급하며 긍정적으로 반응하지만, 현재 바쁜 상태라 함께 가지 못한다고 한다."
313,test_313,카렌과 팀은 대화에서 만남에 대한 감사와 앞으로의 만남에 대한 기대를 표현했습니다.
314,test_314,"Person1: 어젯밤에 Michael을 보러 가서 오토바이를 타봤고, Person2는 새 오토바이를 샀으며, 자전거가 더 안전하다고 말함."
315,test_315,"Person1: 상대방이 중국어, 영어, 프랑스어에 대해 얼마나 잘 알고 있는지 물어봄. Person2: 중국어와 영어는 읽고 쓸 수 있으며, 프랑스어는 간단한 대화 정도만 가능. Person1: 영어로 일반 사무 작업을 할 수 있는지 물어봄. Person2: 영어 실력이 일반 사무직에 충분하다고 믿음."
316,test_316,"타일러의 여동생 낸시가 타일러의 집에 방문하고, 타일러는 그녀를 나오미로 착각하여 메모를 남기기로 한다."
317,test_317,"Person1: 뉴욕행 513편 비행기 예약이 취소되어 불편함을 겪음. Person2: 사과하며 내일 예약 가능 여부를 확인. Person1: 내일 예약이 불가능하여 다른 항공사 예약 창구 안내. Person2: 200명 대기 중, 뉴욕행 비행기 예약은 불가능하나 50% 할인 제공."
318,test_318,"버거 퀸에서 치즈버거와 밀크셰이크, 감자튀김을 맛있게 즐기는 사람들이 있으며, 음식이 인기 있어 기다릴 가치가 있다고 이야기함."
319,test_319,짐이 초과 수하물로 인정되어 추가 요금이 발생합니다.
320,test_320,"Person1: 목이 너무 마르며, 탄산음료가 생각났지만 건강에 좋지 않다고 생각한다. Person2: 물 마시는 것이 갈증을 푸는 데 가장 좋다고 조언한다."
321,test_321,AB 회사의 CEO Mr. Green이 매니저 Liang에게 급한 일로 해외로 가게 되어 사과를 전달해 달라는 요청이 있었습니다.
322,test_322,Person1: 30 사이즈의 에나멜 가죽 구두를 찾고 있습니다. Person2: 신발이 늘어나며 뒤꿈치가 꽉 끼는 것이 걱정된다고 합니다. Person1: 괜찮다고 하며 선택합니다.
323,test_323,"Benjamin는 프로젝트 보고서를 어떻게 작성해야 할지 모르는 상황에 대해 이야기하고, Person1은 보고서 작성에 필요한 요소들을 설명합니다. Person2는 보고서 작성에 어려움을 겪고 있으며, Person1은 Person2를 도와주기로 합니다."
324,test_324,"피자 하우스에서 1+1 행사로 대형 피자를 주문하고, 해산물 피자와 바나나, 파인애플 피자 중에서 선택합니다. 최종 주문은 얇은 도우로 해산물 피자이며, 총 금액은 $21.50입니다."
325,test_325,"Person1은 새우 칵테일, 토마토 수프, 스테이크에 양파 곁들인 것, 블랙커피를 주문하고, 계란 수프를 추천받았으나 이를 선택했습니다. 미네랄 워터를 주문했습니다."
326,test_326,"집에 대한 설명: 거실이 아늑하고, 큰 식당과 안락한 세 개의 침실이 있으며, 주방은 현대적이고 냉장고, 전기 스토브, 식기세척기가 구비되어 있다. 화장실은 두 개가 있어 사용하기 편리하다."
327,test_327,"Person2: 개인 스테레오 구매 시 스크래치 문제, 소음 관련 불편함을 제기함."
328,test_328,"Person1#과 Person2#는 기숙사 보증금 문제로 대화를 나누고 있으며, Person1#은 기숙사 방 확보를 위해 서둘러야 한다고 강조합니다. Person2#는 교외에서 살 것을 고려하고 있으며, 비용과 공간 문제로 고민하고 있습니다."
329,test_329,"중고 서점에서 발견한 오래된 책에 대해 이야기하며, 그 책의 가치가 있을 가능성과 유명 서명이 어떤 것인지 추측함."
330,test_330,"베이징 맛집에서 Person2는 중앙 테이블에 자리를 요청하고, Person1은 닭고기, 생선, 야채, 콜라, 밥을 주문합니다. Person2는 친구를 기다려야 한다며 20분 뒤에 음식을 요청합니다."
331,test_331,"Person1은 중요한 증명서가 들어있는 소포를 Person2에게 보내야 하며, Person2는 이를 등기 우편이나 배달 증명 우편으로 보내는 것이 안전하다고 제안한다."
332,test_332,"Sally와 Tom의 편지를 Person1#과 Person2#가 읽어주며, Sally가 1월에 John과 함께 도착할 예정임을 알림."
333,test_333,사람들이 과제 제출을 위해 컴퓨터 사용에 어려움을 겪고 있다.
334,test_334,"Person1: 오늘 날씨가 화창해서 지난주보다 나아졌다며 가을이 좋아진다고 말한다. Person2: 소풍 가기 좋은 날씨지만, 일기예보가 틀릴 수 있다고 하며 Person2가 소풍 가자고 제안한다."
335,test_335,"사용자는 컴퓨터에 관한 일반적인 정보를 찾고 있으며, 참고 자료 데스크에서 도움을 요청했다."
336,test_336,"한 명과 세 명이 프렌치 가든 레스토랑에 방문하여 자리를 잡고 주문한다. 병에 든 물과 주스, 코카콜라를 주문하고, 각각 물 한 병을 받음. 음식으로는 참치 샌드위치와 야채 수프를 주문한다."
337,test_337,"Person1: 레모네이드와 바비큐 윙을 주문하고, 다른 음식 주문이 필요할 때 말씀하라고 함. Person2: 베이비백 립스를 주문하고 주문이 끝남."
338,test_338,"손님이 물을 요청하고, 커피와 디저트 주문에 대해 논의함."
339,test_339,"대화에서는 두 사람이 Eric에게 데이트 신청을 받았고, 복권에 당첨되면 세계 여행 티켓을 구매할 계획이라는 내용을 담고 있습니다. 또한, 가족에게 여행 이야기를 꺼냈을 때의 반응과 결혼에 대한 질문도 다루고 있습니다."
340,test_340,"Person1: Jack이라는 강아지 사진을 보여주며, Person2는 강아지가 새로 태어난 아기인지 물어봄."
341,test_341,"Person1은 Jane 이모가 Tom에게 새 자전거를 사줬다는 사실을 전하며, Tom의 자전거가 더 멋있다고 주장합니다. 또한, 버스가 아직 오지 않아 기다리는 시간이 길어 교통 체증에 대한 해결책으로 비행기를 사주겠다고 제안합니다."
342,test_342,"Person2가 치마 구매를 원하며 유행하는 치마 색상과 가격을 문의했으나, Person1은 400달러의 치마를 판매하고 있어 Person2가 당황스러워함."
343,test_343,"200년 전 작은 마을에서 시작하여 석탄 산업의 발전으로 대규모 도시가 되었고, 현재 도시에는 200년 이상 된 건물과 여관, 펍 등이 남아 있습니다."
344,test_344,"대화에서는 환경 문제와 그 해결책에 대한 논의가 이루어진다. 특히 대기 오염, 열대우림 파괴, 사막화 문제와 같은 환경 문제와 그로 인한 사회적 갈등에 대해 언급하며, 환경 보호를 위한 조직 가입에 대한 관심도 나타난다."
345,test_345,"Person1#은 16살 소녀인 척 하며 100명 이상의 사람들과 대화했고, 금요일 밤에 만난 남자 친구를 사귀게 되었다고 합니다. 하지만 그 남자는 Person1#을 여자라고 생각하고 있어, Person1#은 그의 조언을 구하고 있습니다."
346,test_346,"Nathan은 시카고에서의 실습에 대해 이야기하며 그리움을 표현하고, 방학 동안 학교 첫날에 맞춰 돌아올 것이라고 말합니다. 사교적이고 호기심이 많은 Nathan은 편집이나 컴퓨터 파일 정리, 마감 기한 관리에 능숙한 사람을 찾고 있는 회사에서 좋은 기회를 얻게 되었습니다."
347,test_347,"토요타 카롤라 차량을 3일 동안 빌리기 위해 검정, 빨강 대신 은색 선택 가능. 반납은 셋째 날 정오까지."
348,test_348,"다음 주 뉴욕에 방문할 계획인 Person1#은 비즈니스 계약 체결을 위해 유엔 본부와 브로드웨이 공연을 추천받았고, 뉴욕의 대학들과 그 과정에 관심이 있습니다. Person2#는 뉴욕의 대학 중 콜럼비아와 뉴욕 대학교를 추천하며, 도시 지도를 제공하며 관광 정보도 추천합니다."
349,test_349,필름 현상 가능 여부 및 소요 시간.
350,test_350,"청두로 가는 항공편 CA216이 폭우로 인해 지연되고 있으며, 최신 기상 예보에 따르면 날씨가 곧 바뀔 것으로 보입니다."
351,test_351,"북경대학의 위치와 가는 방법에 대해 Person1#이 Person2#에게 물어보지만, Person2#은 초행이라 잘 모른다고 답변합니다."
352,test_352,"Person1: 신문에 안 좋은 소식이 많나, 날씨는 오늘 맑고 내일은 흐리고 비가 온대. 은행 강도들은 아직 못 잡았대. 스포츠 경기들은 어떻게 되었는지 궁금해하네."
353,test_353,게임에 대한 개인적 견해 차이. 게임의 폭력성에 대한 우려와 게임의 긍정적 측면이 언급됨.
354,test_354,"Jim과 Person 2는 저녁 식사 후 맥주 대신 운동이나 친구들과의 활동을 제안하며, Mary와 Sally와 탁구를 치러 가자고 합니다. 결국 두 사람은 운동과 친구들과의 시간을 계획하며 대화는 마무리됩니다."
355,test_355,"Person1과 Person2는 메뉴 선택에 대해 논의하며, 결국 닭발을 주문하기로 결정하고 하우스 레드 와인을 주문한다."
356,test_356,"Person2는 미국에서 온 외국인 관광객을 겨울 방학 동안 안내했으며, 황과수폭포 등 여러 명소를 보여줬다고 합니다."
357,test_357,Jack은 성함을 확인하고 더블룸으로 3박 예약한 사실을 확인받음.
358,test_358,"마크는 데이빗의 생일파티로 숙취가 있어 출근하지 않았고, 사무실에 콧수염 있는 빌의 부인이 딸을 낳아 시가 열렸다는 소식을 전합니다. 그는 내일 시사에 참석할 것을 제안합니다."
359,test_359,"Person1과 Person2는 함께 나갈 수 있는 다른 시간을 제안하며 극장 방문을 제안합니다. 결국, Person2는 남편의 반응을 걱정하며 초대 거절합니다."
360,test_360,"Cal Ripken의 홈런으로 3대 4에서 5대 4로 승리한 야구 경기에서, 팬들은 필라델피아와 다른 점을 즐기며 하루를 보냄."
361,test_361,"Person1#은 Person2#에게 도움을 주었고, Person2#은 그 도움에 대해 감사의 인사를 전했습니다. Person1#은 도움을 줄 수 있어 기뻤다고 말했습니다."
362,test_362,"한국은 유럽, 북미, 중국에 석탄, 구리 등을 수출하며 베네수엘라에서 석유를 일부 수입하고 있습니다. 최근 귀석 매장량이 발견되어 장기 프로젝트에 인프라 투자에 집중하고 있습니다."
363,test_363,"Person1은 미술에 관심이 있고, Person2는 추상 미술에 대한 이해가 부족하며, Person1은 국립 미술관에서 열리는 그리스와 로마 조각 전시회를 방문할 계획입니다."
364,test_364,"Person2가 도서관 카드를 사용하여 비디오를 반납하고 싶어하며, 도서관 카드 소지 여부와 비디오 관리에 대한 주의를 요청합니다."
365,test_365,"볼링 게임은 10프레임으로 구성되어 있고, 각 플레이어는 프레임마다 두 번씩 볼을 던질 수 있습니다."
366,test_366,새로운 은행과 증권사 간 이체 서비스와 주식 투자자 대상 맞춤형 상담 서비스가 도입되었습니다. 고객이 전화나 인터넷을 통해 언제 어디서나 상담받을 수 있습니다.
367,test_367,"손님이 체크아웃을 30분 전에 해야 한다는 정보를 전달하고, 짐 보관 서비스를 이용할 수 있음을 안내합니다. 또한, 보증금 결제 방법과 필요성을 설명합니다."
368,test_368,"person1#은 세 명(어른 두 명, 아이 한 명)이 뷔페를 이용하며, 어른은 1인당 30위안, 아이는 1인당 20위안입니다. 탄산음료는 추가 요금 없이 제공되지만, 알코올은 건당 10위안이 추가됩니다. person2#은 음식과 음료의 위치와 알코올 추가 요금에 대해 문의합니다."
369,test_369,"해외에서 공부할 예정인 개인 대출 신청자가 나이 제한과 보증인 여부에 대해 문의하였고, 대출자는 55세 미만, 성년(18세 이상)이어야 하며, 직계 가족이나 본인도 보증인이 될 수 있음을 확인했습니다."
370,test_370,"Person1: 영어 노래가 있는 책을 찾고 있었고, Person2: 영어 노래가 있는 책이 있다고 답변했다. Person2: 영어 노래를 부르는 사람이 많지 않아 시간이 걸린다고 설명했다."
371,test_371,"Person1#은 Person2#의 글쓰기 경력에 대해 인상적이라고 평가하며, Person2#가 국내 주요 신문사에 기고한 사실과 첫 소설을 집필 중임을 언급합니다. Person1#은 Person2#가 우리 신문사에 지원한 이유를 알고 싶어합니다."
372,test_372,"person1과 person2는 인터뷰 결과를 직접 이메일로 물어보는 것이 좋다고 협의함. 이메일은 간단하고 적절한 길이로 작성하고, 답장을 놓치지 않도록 주의해야 함."
373,test_373,"Person1: 자신의 집 마당이 46제곱미터이고, 옥수수가 나무에 걸려 있는 것을 발견했다. Person2: 옥수수는 수확 후 껍질을 벗기기 위해 나무에 걸어두는 것이 일반적이다. Person1: 이런 방식이 집의 풍요로움을 보여주는 좋은 예시라고 생각한다."
374,test_374,"호텔 체크아웃을 위해 짐을 보관할 수 있으나 보증금이 필요하며, 신용카드가 필요하여 짐 보관을 위해 보증금을 준비해야 함."
375,test_375,"브랜든은 무료로 웹사이트 글쓰기 실력을 향상시켜주는 새로운 웹사이트에 대해 듣고 가입하려고 하며, 이름, 생일, 주소, 은행 정보, 신용카드 번호가 필요함을 의아해합니다. 그러나 상대방은 이 정보가 무료임을 강조하며, 신뢰할 수 있는 웹사이트임을 주장합니다."
376,test_376,"사람들은 교장 선생님이 새 실험실 건물 건설 계획을 알았으나, 아직 공식적으로 발표되지 않았으며, 건설에 문제가 있을 것으로 예상됨."
377,test_377,"Person1#은행에서 신용카드를 사용하여 소고기를 구매하고, Person2#는 은행이 카드 사용을 권장하지만 나중에 갚아야 한다고 경고합니다."
378,test_378,"Person1#과 Person2#는 내일 마을 방문을 위한 선호도를 논의합니다. Person1#은 베이징 외곽 마을을 제안하고, Person2#는 산간 지역 마을 방문을 원합니다. 두 마을은 각각 50km와 100km 떨어져 있으며, Person1#은 6시에 출발하는 일정을 제안합니다."
379,test_379,"사람들은 스트레스와 우울함을 풀기 위해 건강한 선택을 하고, 자녀 양육과 미래 계획에 대해 이야기합니다. 또한, 삶의 조언과 명언을 공유하며 10대들에게 어떤 태도를 가져야 하는지에 대해 이야기합니다."
380,test_380,"열 살 때 우표 수집에 관심을 가진 Person2는 최초의 우표에 대해 놀라워하며, 우표 수집이 부자들에게 즐거움을 준다고 이야기함."
381,test_381,"캐나다에 정착한 후 웹 디자인 회사 경험으로 사업을 시작했고, 현재 50명으로부터 1,800만 달러를 모아 6% 지분을 갖고 있습니다. 자전거를 많이 타며, 실수에서 배우고 성장하는 것을 중요하게 생각합니다."
382,test_382,"네즈든 레인에서 보행자 지하도에서 40대 남성이 사망한 사건은 살인 사건으로 보고되었으며, 수사는 그가 새벽 1시 30분경부터 2시 15분까지 레벨 원 클럽에서 보행자 지하도로 이동한 경로를 추적하고 있습니다. 이 거리는 약 50미터이며, 현재까지 두 명의 여성과 술에 취한 남성이 목격자로 확인되었습니다."
383,test_383,"퀘벡 시티와 몬트리올을 방문할 계획인 Person1#은 여행 준비 중이며, Person2#는 여행에 대한 정보를 제공하고 있습니다. 여행지에서의 언어 사용과 관광 명소에 대한 정보를 공유하고 있습니다."
384,test_384,제인과 톰은 시험 공부를 위해 저녁을 먹은 후 도서관 옆 그릴에서 시간을 보내기로 했습니다.
385,test_385,허리 통증에 대한 약 복용에 대해 의사와 환자 간 논의
386,test_386,"Person1#은 새 컴퓨터를 온라인으로 구매하기 위해 200위안을 대출받고 싶어하며, Person2#은 이를 이해하며 급하지 않다고 합니다."
387,test_387,글씨 연습에 어려움을 겪고 있는 Person1은 꾸준한 연습의 중요성을 강조하며 개선될 날을 기다리기로 합니다.
388,test_388,속눈썹 컬러에 겁먹은 줄 알고 속눈썹을 위로 올리는 행동을 하는 사람.
389,test_389,"운전 강좌에 대한 문의 후, 여름 집중 코스와 주말 코스에 대한 정보를 제공받음. 코스는 매주 토요일과 일요일 아침 8시에 시작되며, 오전 3시간과 오후 2시간의 훈련을 진행하고 오후 6시에 종료됩니다. 보통 3명이 훈련 차량을 공유하며, 강사님들은 20년 이상 가르친 경력이 있습니다."
390,test_390,"티나, 8년 된 피아노 선생님과 함께 매주 토요일에 만나고 있습니다."
391,test_391,"Person1은 Person2의 강점을 인정하고, Person2는 혼자서도 팀에서도 잘 일할 수 있음을 인정합니다. Person2는 5년 후 결혼하여 안정적인 수입을 갖고 싶어하며, Person1은 Person2가 도전에 열려있는지 확인하고자 합니다."
392,test_392,"Stephanie는 Person2가 몸이 안 좋고 머리가 아프다는 것을 알아차리고, 병원에 가보는 것을 제안합니다. Person2는 보고서를 제출해야 하는 마감일이 있어 Miss Jenkins에게 금요일 아침까지 제출 가능 여부를 물어보기로 합니다."
393,test_393,"David는 호수에서 얼음 스케이트를 타는 사람들을 보며 함께 하고 싶어하지만, Person2는 뉴욕에 있고 싶어합니다. Person1은 도시에서의 조용한 크리스마스를 제안하고, Person2는 이번 크리스마스가 지루할 것이라고 말합니다."
394,test_394,"Bob은 지난 주말에 친구 집에서 댄스 파티에 다녀왔고, Person1은 TV를 보다가 쇼핑을 하고 테니스를 쳤다고 합니다. Person1은 테니스에서 이겼고, Person2는 함께 경기를 하고 싶어합니다."
395,test_395,"Person1은 Person2에게 50달러를 빌리고 싶어하며, Person2는 빌려주기로 합니다. Person1은 매일 취업 사무소에 다니며 구직 중이고, 집에서는 농장에서 일해야 합니다. 운이 따를 수 있다고 생각하며, Person2는 빌려준 돈이 행운을 가져다줄 것이라고 합니다."
396,test_396,"식당에서는 재킷과 넥타이를 착용해야 하며, 회의 시간을 늦추기로 하여 9시 30분으로 조정했습니다. 회의 참석자는 15명입니다."
397,test_397,"아이들은 휴양 캠프에서 다양한 활동을 즐겼으며, 특히 성 방문과 바비큐 파티가 인상적이었습니다. 아이들은 캠프에서 좋은 시간을 보냈고, 다음 해에 다시 만나기로 약속했습니다."
398,test_398,"Person2#는 아빠가 갑자기 대학 입학 요건에 대해 물어보는 것에 대해 의아해하지만, 그 이유는 아빠가 딸의 교육에 관심을 보이기 때문이라고 이해합니다. Person2#는 곧 직장을 그만두고 컴퓨터 프로그래밍을 공부할 계획이며, 이를 위해 휴가를 활용할 의향이 있습니다. Person1#는 컴퓨터 전공을 통해 나중에 가족 사업을 지원할 수 있다고 제안합니다."
399,test_399,"person1은 차로 나무를 들이받아 뇌진탕이 걱정되는 상황에서, person2가 이번 주만 학교를 쉬고 다음 주에 만나자고 합니다."
400,test_400,"집주인과 세입자 간의 수리 비용 문제로 갈등이 발생하고 있습니다. 세입자는 수리 비용이 너무 오래 걸리고, 수리 비용도 지불하지 않겠다고 하여 불만을 제기했습니다."
401,test_401,터너 인테리어에서 도쿄에서 온 수출 L/C를 수령하기 위해 방문한 Person2가 서류를 작성할 필요가 없음을 확인하고 서명을 완료한 상황
402,test_402,지갑을 잃어버린 Person1#은 핫도그 가판대로 돌아가기로 결정합니다.
403,test_403,"Person1#과 Person2#는 설거지 일정을 논의하고, Person1#은 이번 주 Person2#의 차례임을 인정하고 Person2#는 이를 수용하기로 함."
404,test_404,"Person1은 Person2와의 관계에 대해 궁금해하며, Person2가 자신을 사랑한다고 확신하지 않습니다. Person2는 Person1을 사랑한다고 응답하고, 두 사람은 서로의 사랑을 확인하며 웃고 즐거웠던 시간을 회상합니다."
405,test_405,"정부와 사회 문제, 실업에 대한 의견 교환"
406,test_406,"Person1#은 파티 의상을 고르는 데 어려움을 겪고 있으며, Person2#는 이를 도와주기로 합니다. 두 사람은 쇼핑센터에 만나기로 약속합니다."
407,test_407,"베이징에서 밤문화에 대한 대화로 시작하여, 근처 나이트클럽에서 록앤롤과 디스코 댄스를 즐기는 것에 대한 이야기를 나누었습니다."
408,test_408,"농장 운영에 도전하고 싶은 Person1#은 삼촌의 농장에서 경험한 것을 바탕으로 시골에서의 생활을 꿈꾸고 있다. Person2#는 Person1#의 도전을 응원하며, 농장에서의 휴식을 통해 도시 생활의 번잡함에서 벗어나고자 한다."
409,test_409,"고객이 바에서 하이네켄과 버드 반 파인트, 나초와 모짜렐라 스틱을 주문하고 총 80달러를 지불하려다 가격이 너무 비싸 놀라고 당황함."
410,test_410,"Person1과 Person2는 어제 Ann과 싸운 이야기를 나누며, 사소한 일로 인해 우정에 문제가 생긴 것에 대해 걱정합니다. Person2는 자신의 이기적인 태도를 인정하고, Person1에게 나중에 사과하겠다고 약속합니다."
411,test_411,"담배를 구매할 수 있는 장소와 기념품 구매 가능 여부, 화장실 위치에 대한 문의 및 안내"
412,test_412,"미국 패스트푸드 문화와 그 영향에 대해 논의하며, 패스트푸드점에서 건강한 메뉴 옵션을 제공하는 것에 대한 의견을 공유한다."
413,test_413,"버스 기사가 승객들에게 자리를 비켜주고, 요금을 상자에 넣으라고 지시하며 그리니치 빌리지까지 피프스 애비뉴를 따라 갑니다. 기사가 파크 애비뉴와 워싱턴 스퀘어 공원으로 가는 버스를 혼동하고, 승객들은 이에 대해 궁금해합니다."
414,test_414,"9-11 테러로 인해 베이징과 뉴욕에서 서로의 위치를 확인하며, 납치범들에게 납치당해 쌍둥이 빌딩에서 사망한 사건을 이야기함."
415,test_415,"Karl과 Chuck은 옆집으로 이사 오며 이웃이 되었습니다. 시카고 출신인 Karl은 조용한 곳에서 넓은 공간을 원했고, 시카고에서는 집을 살 수 없었습니다."
416,test_416,"Person1: 주문한 삶은 달걀, 진하게 구운 토스트, 오렌지 주스를 나중에 받기를 원함."
417,test_417,"Steven은 피곤하여 먼저 자고, Person2는 가계부를 오늘 끝내고자 합니다. Person2는 강아지가 지하실에 내려가지 못하게 하고 싶어 합니다."
418,test_418,"Person1은 Jane과 다음 주 회의 전에 아이디어를 논의하고 싶어 하며, Person2는 여유가 있어 일정에 참여하기로 했습니다."
419,test_419,"고객은 여자친구에게 줄 선물로 진주 귀걸이 세트나 하트 펜던트를 고민하고 있으며, 보라색 자수정 보석을 추천받았습니다. 고객은 Jess의 지능과 유머감각, 여성스러움을 알고 있으며, 프로포즈를 계획하고 있습니다."
420,test_420,"Person1은 새 차를 구매하기 위해 Ford Pinto를 교환하고 싶어하며, Person2는 현재 할인 중인 Ford Focus에 대해 설명합니다. Person2는 Ford Focus의 연비, 엔진 정보, 가격대 및 시승 가능 여부를 소개합니다."
421,test_421,"Ballam 씨는 애플 주식회사에서 컴퓨터 엔지니어 직책을 제안받았고, 초봉은 월 3,000 위안이지만 6개월 후 정규직으로 승격되어 월급이 5,000 위안으로 인상될 예정입니다. 가족 부양을 위해 월 4,000 위안을 요구했고, 회사는 이를 수용하여 다음 주 월요일에 시작하기로 했습니다."
422,test_422,내부 회계 문제를 해결하기 위해 네트워크 결제 서비스에 가입하면 자금 통합 이체와 중앙 관리가 수월해질 수 있습니다.
423,test_423,"Person1: 배고파, 저녁 때 남은 게 없다. Person2: 간식으로 샌드위치 만들자. Person1: 땅콩버터와 잼 샌드위치 먹고 싶다."
424,test_424,"의사는 백혈구 수치를 확인하기 위해 혈액을 채취하려고 하며, 이는 감염 가능성을 판단하는 데 도움이 됩니다."
425,test_425,"세입자 Steven은 전기 문제가 발생하여 지하실로 내려가 차단함을 확인하고, 퓨즈가 나간 것을 발견하여 교체하는 방법을 문의했다."
426,test_426,"Person1#은 Ms. Connors가 월세를 전액 내지 않았다고 자신을 쫓아내겠다고 협박하는 문제를 겪고 있습니다. Person2#는 Person1#이 법대 출신이므로, Person1#이 Ms. Connors와 문제를 해결할 수 있도록 도울 수 있다고 제안합니다."
427,test_427,"사무실에서 에어컨 고장, 화장실 변기 막힘, 전기 차단기 문제로 인해 여러 문제가 발생하고 있으며, 수리공의 도움이 필요함."
428,test_428,"Person1#은 해고 후 대출금 상환을 위해 일을 찾고 있으며, Person2#는 전기공 견습생 프로그램에 관심을 가지고 있다."
429,test_429,"Person1#과 Person2#는 좋은 업무 관계를 유지하며, 어려운 상황에서도 정보 분석 능력과 올바른 결정을 내리는 사장님의 강점을 인정하고 있다."
430,test_430,"Person1: 관광 가이드 자격증 사본을 보여주며, Youth International Travel Agency에서 근무하는지, 외국어 구사 능력이 영어와 러시아어인지 물어봄."
431,test_431,"Person2가 금 시계를 순금으로 구매하려다 가격이 비싸다는 이유로 Person1에게 가격 조정을 요청했으나, Person1은 이미 적정 가격이라고 설명하며 판매를 거부했다."
432,test_432,Tom은 Sara의 아들을 잠시 맡아서 함께 병원에 데려가기로 했습니다. 저녁 식사를 같이 하고 게임을 할 예정입니다.
433,test_433,"Amy는 1998년 대학 졸업 후 총지배인 비서로 2년간 일하다가 인사부장으로 승진했으며, 전반적인 인사 업무를 담당했다. 급여가 적어 나중에 영업부에 지원하기 위해 그만두고 현재 그 회사에서 일하고 있다."
434,test_434,"Andrew는 크리스마스 이후로 몸이 많이 불어 고민하고 있으며, 와후 다이어트를 시작했다고 밝힙니다. 그는 운동화도 박스에 그대로 두고 있을 정도로 식습관 개선의 필요성을 깨닫고 있습니다."
435,test_435,"브라운 컬리지의 그렉 손더스 교수와 메리는 메리가 우수한 학점과 시험 점수가 입학 기준에 부합함을 확인하고, 메리가 농구와 배구를 한 고등학교에서의 활동이 인상적임을 알게 됩니다."
436,test_436,"손님이 기차역으로 가는 데 20분 정도 걸리며, 교통이 복잡한 출퇴근 시간대임을 알림."
437,test_437,"Brian은 영어로 대화할 수 있고, 대학에서 영어를 배웠으며, 미국에 3주 동안 머물고 있다. 그의 아내는 어제 도착했다. Brian은 캘리포니아와 라스베가스를 가본 적이 없다."
438,test_438,"Person1#은 건강검진에 필요한 기본 검사 항목과 호흡 문제에 대한 알레르기 및 천식 검사를 제안했습니다. Person2#는 건강 관리를 잘하고 있으며, 피검사 항목으로 콜레스테롤, 혈당, 백혈구 수치를 확인받고 싶어합니다."
439,test_439,"Person1은 복권에 당첨되면 전 세계를 여행할 것이라고 말하며, Person2는 그 돈으로 집을 사고 싶다고 합니다. 또한, Person1은 돈이 많으면 일하지 않을 것이라고 말하며, Person2는 그 시간에 무엇을 할지 고민하고 있습니다."
440,test_440,"Person1: 결혼 준비가 안 된 상태에서 불안과 두려움을 느끼고 있다. Person2: Amy와의 결혼을 걱정하며, Person1이 긴장한 것임을 지적한다. Person1: Amy와의 결혼을 준비하기로 결심한다."
441,test_441,"Person1#은 명함을 새로 인쇄해야 하며, 2,000장이 필요하다고 말합니다. Person2#는 서식을 작성하여 Person1#이 예전 명함과 동일하게 만들 것을 요청하고, 주문은 일주일 후에 받기로 합니다."
442,test_442,"브라이언은 여행 준비를 마치고, 6시에 Person1의 집으로 데리러 갈 예정입니다. Person1은 회의 일정에 대해 확인하고, Person2는 정오에 공장 회의에 참석할 예정입니다."
443,test_443,"이번 목요일에 Paul과 Person1은 추수감사절 저녁을 집에서 함께 보내기로 했습니다. Person2는 부모님이 핀란드에 가셔서 혼자 보내게 될 걱정과 다음 주에 해야 할 일을 이유로 참석을 결정했습니다. 총 열 명이 참석하며, 음식은 칠면조, 그린빈, 고구마, 호박 파이, 그리고 와인이 준비됩니다."
444,test_444,"수잔은 사촌의 대학 인터뷰 준비를 돕기 위해 주말 동안 그녀의 캠퍼스 방문을 계획하고 있으며, 금요일 저녁에는 함께 만나기로 했습니다. 눈의 확률을 고려하여 금요일 밤 날씨 예보를 확인한 후 다른 방법을 논의하기로 했습니다."
445,test_445,"Person1: Ben에게 저녁 수업 정보 전달, 사진 강좌와 홈페이지 디자인 초급 강의에 대해 논의. Person2: 꽃꽂이, 야구에 대한 의견 교환, 인도 요리 강좌에 대해 제안."
446,test_446,"피자 익스피리언스에서 식사할 계획이 있었으나, 브리짓은 고기를 먹지 않아 다른 식당을 고려하다, 킹피셔에서 생선을 먹기로 하고 캐럿츠에 점심을 먹기로 결정함."
447,test_447,"Person1#과 Person2#는 Person2#가 로스앤젤레스에서 운전면허 시험을 볼 예정이며, Person2#는 이미 차 구매를 결정했다고 이야기합니다. Person2#는 혼다 어코드를 구매하기로 했고, 후방 카메라와 같은 안전 기능이 필요하다고 설명합니다."
448,test_448,"Person1은 갈색 케이스의 펜을 Person2에게 보여주고, 부드럽게 써지는 것을 확인한 후 구매하기로 결정했습니다. Person2는 현금으로 결제할 것인지, 카드로 결제할 것인지 물어보았습니다."
449,test_449,"회사에서 미국 암 학회를 위한 마라톤 후원 행사를 진행하여 많은 기금을 모금했으며, 이는 회사의 지역 사회 이미지에 긍정적인 영향을 미쳤습니다."
450,test_450,피크 트램까지 가는 방법을 상세히 안내받음.
451,test_451,"Person1: 전통 중국 공예품 중 백단향 부채를 추천하며 가격을 안내하고, Person2: 작은 건 개당 백 위안, 큰 건 이백삼십 위안이라고 말합니다."
452,test_452,"내외부 요인이 회사의 성과에 큰 영향을 미치며, 외부 요인에는 정치적, 경제적, 사회적, 기술적 요인이, 내부 요인에는 인적 자원, 팀워크, 혁신 정신, 부서 간 조정이 포함됩니다."
453,test_453,"두 사람은 준비 회의 시작 시간을 논의하고, Person1은 1년 정도 걸릴 것으로 예상하며 회의에 필요한 시간을 물어봄."
454,test_454,"Person2는 하루 여행을 위해 자연 경관을 추천받고자 하며, Person1은 자연 경관에 관심이 있는 Person2에게 강을 따라가는 하루 코스를 추천합니다."
455,test_455,"손님이 비프버거, 프렌치프라이, 밀크셰이크를 주문하고, 어떤 맛을 원하는지 물어본 후 바나나 맛을 선택했습니다."
456,test_456,"등불 축제에서 사람들은 등불에 적힌 수수께끼를 풀며 화려한 공연을 즐기고, 큰 유리로 만들어진 용 등불과 중국 시를 감상했다."
457,test_457,"Person1은 ABC 회사의 면접 첫 두 라운드를 성공적으로 통과하고, 다음 주 월요일에 최종 라운드를 앞두고 있다는 소식을 전하며, Person2에게 축하를 제안합니다."
458,test_458,"카렌과 팀은 즐거운 대화를 나눈 후, 다시 만날 것을 약속하며 작별 인사를 나눈다."
459,test_459,"Person1#은 리셉셔니스트 Julie에게 문구류와 달력을 구입하고, 복사기 위치를 알려주며 부서 회의에서는 각자 진행 상황을 클라이언트에 대해 얘기하고 상사가 가장 잘 처리할 수 있는 사람에게 추가 업무를 할당한다고 설명합니다."
460,test_460,"사용자는 목욕 스위치의 버튼 사용법을 알고 싶어 하며, 설명서를 찾기 어렵다고 말합니다. Person2는 설명서를 테이블에 두고 보여주겠다고 하며, 사용법도 추가로 설명해 주겠다고 합니다."
461,test_461,"Person1은 기차에서 시간 때우기 좋은 책을 추천받고 싶어 하며, Person2는 소설을 좋아하는 Person1에게 최신 일본 소설가 작가의 책을 추천해 줍니다."
462,test_462,"사람들이 친구에게 읽는 법을 가르치는 것에 대해 이야기하고, 78살의 남미 이민자가 학교를 다니지 않아 읽기부터 시작하기로 합니다."
463,test_463,티켓 예약과 결제에 관한 대화입니다.
464,test_464,"Person1과 Person2는 함께 저녁을 만들어 보기로 결정하고, Person1이 건강한 요리 방법을 제안하며 매운 치킨 커리 레시피를 시도해 보기로 합니다."
465,test_465,"IC 전화기는 IC 카드를 슬롯에 넣고 화면에 표시된 번호를 누르면 통화가 가능하고, 동전 전화기는 동전을 투입구에 넣고 '말하기' 버튼을 누르면 통화가 가능하다."
466,test_467,"톰은 중고 컴퓨터를 사고 싶다고 하며, 중고 물건이 새것만큼 좋은지, 그리고 어떻게 조심해야 하는지 물어봅니다."
467,test_468,"중국 사람들은 식당에서 남은 음식을 집에 가져가는 경우가 많으며, 중국 대부분 도시에서는 남은 음식을 포장해 가는 것이 흔하지 않습니다. 중국에서는 많이 주문하는 것이 전통이며, 남은 음식은 주로 폐기물 처리장으로 갑니다."
468,test_469,"중국 야외 장터에서 구매한 가방의 가격이 과하게 책정되어 불만을 표하는 대화입니다. 흥정이 필수적이라는 점을 강조하며, 구매자가 가격을 낮추는 과정이 중요하다는 의견을 제시합니다."
469,test_470,"직원들은 영어 학습에 대한 경험과 능력에 대해 이야기하고 있으며, 특히 영어 말하기와 쓰기에 대한 능숙함을 강조하고 있습니다."
470,test_471,"Person2: 새 계좌를 개설하고 싶고, 당좌예금과 저축예금을 동시에 개설하고 싶으며, 직불카드도 포함되었는지 물어봄. Person1: 새 계좌 신청서 작성 완료, 서류 확인 후 다음 단계 진행, 당좌예금과 저축예금 모두 ATM 기기에서 사용 가능한 직불카드를 제공하며, 계좌 개설 후 3주 내 카드와 핀 번호 우편 제공."
471,test_472,"Person1은 특별 할인 쿠폰 사용 방법을 문의하고, Person2는 설탕 3봉지 구매 시 쿠폰 1장을 받을 수 있으며, 슈퍼마켓에서 유효기간 내 사용 가능하다고 설명합니다."
472,test_473,"Steve와 Johnny가 함께 부엌 청소를 했고, Mrs. Robinson은 이를 도와준 것에 대해 감사의 말을 전했습니다. 설거지와 쓰레기 처리도 모두 함께 했습니다."
473,test_474,상하이로 가는 기차표를 잃어버린 고객이 30분 후 출발하는 기차표를 구매하려고 하지만 구매 증빙이 없어 어려움을 겪고 있습니다. 고객은 상하이에 도착하지 못하면 아내가 자신을 죽일 것이라고 위협하며 도움을 요청합니다. 상담원은 지갑에 돈이 있다고 말하며 표를 구매하도록 합니다.
474,test_475,"Person2가 '웰빙 인 더 에어' 프로그램을 통해 미국 여행에서 시차 적응 문제를 해결하고, 돌아오는 길에도 프로그램을 하지 않았을 때 기분이 나빴다고 합니다. 이 프로그램은 물과 과일 주스를 많이 마시고, 가벼운 음식을 섭취하는 것이 도움이 된다고 합니다."
475,test_476,"Mary와 Tom은 John의 파티에 대한 이야기를 나누고, Tom이 맥도날드에서 부매니저로 일하며 건설 회사에서 여름 동안 일할 사람들을 찾고 있습니다."
476,test_477,"Person1: 해리, 왜 안색이 안 좋은지 물음. Person2: 차에 치일 뻔한 끔찍한 일을 겪음."
477,test_478,"Steven Kayne 씨가 자전거 가게를 인수하고 설립한 이유와 운영 시간, 직원 고용 현황에 대해 이야기함."
478,test_479,"중년 부부가 서로의 나이에 대해 논의하며, 각자의 중년 시기를 인정하고 서로의 입장을 이해하려 함."
479,test_480,"Person1과 Person2는 식사 후 디저트를 나눠 먹기로 하고, 디저트 메뉴로 초콜릿 무스 케이크, 수제 딸기 쇼트케이크, 스파이시 럼 애플 크리스프를 제안합니다. 디저트를 두 사람이 나눠 먹고, 각각 애플 크리스프와 초콜릿 무스 케이크를 주문합니다. 차도 주문하여 따뜻한 음료를 마실 예정입니다."
480,test_481,"Person1과 Person2는 침대와 스테레오 배분을 동전 던지기로 결정하려다, 결국 Person2가 아래층 침대를 가져가고 Person1은 창가 책상을 가져가는 것으로 합의함."
481,test_482,"Person1#은 도서관 카드를 만들기 위해 신청서를 작성하고, Person2#는 이를 검토하며 운영 시간과 제한 사항에 대해 설명합니다."
482,test_483,"사람들은 근무 시간이 다양하며, 초과 근무 수당은 받지 못하고 대신 계약 가치에 따른 보너스를 받음. 근무 중 점심시간과 커피 브레이크가 있으며, 상사는 업무 완료 시 크게 신경 쓰지 않음."
483,test_484,"Person1은 처음 방문한 곳에서 어떻게 해야 할지 물어보지만, Person2는 세탁기와 건조기를 사용하는 방법을 설명한다. Person1은 세탁을 처음 해보고, Person2는 Person1의 독립성 부족을 지적하며, Person1은 세탁을 스스로 해야 한다고 말한다."
484,test_485,"두 친구는 바쁘게 지내고 있으며, 오늘 밤에 만나기로 약속했다."
485,test_486,"Katie는 일 준비 태도는 좋지만, 지각과 멍한 행동으로 인해 개선이 필요함을 지적합니다. Katie는 이를 수용하고 개선할 것을 약속합니다."
486,test_487,"다음 주 할아버지 생신을 맞아 야외 파티를 계획 중이며, 집에서 피자와 생일 케이크를 준비하고 스카프나 모자를 선물로 고려하고 있다. 파티는 토요일에 진행하기로 결정했다."
487,test_488,"Gian Luca Donatelli는 스페인 출신으로 현재 인터넷 서비스 공급업체에 대한 기사를 작성하기 위해 회의에 참석 중이며, 그의 친구 중 한 명이 이탈리아 서비스 공급업체에서 일하고 있다."
488,test_489,"노스캐롤라이나 산에서 17년 주기의 새 울음소리가 나고, 이는 보통 기온이 선선해지는 가을에 나타납니다. 이 소리는 주로 나무에 있으며, 도시에서는 거의 들리지 않습니다."
489,test_490,"Danny's에서 칠면조 샌드위치에 치즈를 추가하고, 채소 소고기 수프를 선택하며 다이어트 콜라를 주문한 고객은 총 10달러를 지불하고 거스름돈을 받음."
490,test_491,"Person1#과 Person2#는 기차 여행을 준비하며 대화한다. Person2#는 기차 시간에 맞춰 짐을 챙기고, Person1#는 카메라와 쿠키를 여행에 가져가기로 한다."
491,test_492,"Person1과 Person2는 휴가 계획에 대해 이야기하고 있습니다. Person1은 남편과 함께 1주 동안 중국에 방문할 계획이며, Person2는 장인어른과 장모님과 함께 시골에서 시간을 보낼 예정이라고 합니다."
492,test_493,Person1: 헬렌 이모와 함께 오늘 오후에 '노인을 위한 나라는 없다' 영화를 보러 영화관에 가고 싶다고 합니다. 영화는 오후 3시에 시작합니다.
493,test_494,"도둑이 집에 침입하여 가구를 훔쳐간 사건으로 인해 Person2가 큰 슬픔을 느끼고 있으며, 경찰에 신고한 상태입니다."
494,test_495,"Person1#과 Person2#는 학교 후 비디오 게임을 하기로 약속하며, Person1#이 새로운 게임을 소개하기로 했습니다. 게임은 캐릭터를 외모, 옷차림, 행동으로 커스터마이즈할 수 있는 특징이 있습니다."
495,test_496,"사람 2가 아내와 함께 레코드 플레이어를 구입하면서 시골 음악에 관심을 갖게 되었고, 라디오 방송국에서 시골 노래 프로그램을 시작하기로 결심하여 Golden Country Time이라는 프로그램을 시작했습니다."
496,test_497,"Alice는 처음 기계를 사용해보는 사람으로, 세탁기 사용법과 비누 사용법에 대해 궁금해합니다. 그녀는 세탁기에서 비누가 제거될 수 있어, 과다 사용 시 먼지가 갇히고 세균이 번식할 수 있다는 정보를 듣습니다."
497,test_498,"Matthew와 Steve는 오랜만에 만나, Matthew가 임대가 끝나는 동네에서 새로운 집을 찾고 있습니다. Steve는 그의 이웃인 Mrs. Thou의 딸이 출산하여 이사를 가고, 매튜가 관심 있다면 Mrs. Thou에게 아파트를 보여줄 수 있는지 물어보겠다고 합니다."
498,test_499,Person1: Betsy에게 승진 소식을 전하며 파티에 초대함. 150명 참석 예상.
